/root/miniconda3/lib/python3.13/site-packages/celery/platforms.py:841: SecurityWarning: You're running the worker with superuser privileges: this is
absolutely not recommended!

Please specify a different user using the --uid option.

User information: uid=0 euid=0 gid=0 egid=0

  warnings.warn(SecurityWarning(ROOT_DISCOURAGED.format(
 
 -------------- worker1@XIANZHECHU-PC1 v5.6.2 (recovery)
--- ***** ----- 
-- ******* ---- Linux-6.6.87.2-microsoft-standard-WSL2-x86_64-with-glibc2.28 2026-03-30 22:00:51
- *** --- * --- 
- ** ---------- [config]
- ** ---------- .> app:         file_process:0x7d681adea5d0
- ** ---------- .> transport:   redis://127.0.0.1:6379/0
- ** ---------- .> results:     mysql+pymysql://test:**@127.0.0.1:3306/t11
- *** --- * --- .> concurrency: 1 (solo)
-- ******* ---- .> task events: OFF (enable -E to monitor tasks in this worker)
--- ***** ----- 
 -------------- [queues]
                .> celery           exchange=celery(direct) key=celery
                

[tasks]
  . file_process.models.fileupload.merge_chunks_task
  . file_process.models.prodetail.process_document_task
  . file_process.models.word_parser.process_word_task

[2026-03-30 22:00:52,027: INFO/MainProcess] Connected to redis://127.0.0.1:6379/0
[2026-03-30 22:00:52,032: INFO/MainProcess] mingle: searching for neighbors
[2026-03-30 22:00:53,044: INFO/MainProcess] mingle: all alone
[2026-03-30 22:00:53,068: INFO/MainProcess] worker1@XIANZHECHU-PC1 ready.

worker: Warm shutdown (MainProcess)
/mnt/e/codebuddy/data/tencentcode/lib/python3.12/site-packages/celery/platforms.py:841: SecurityWarning: You're running the worker with superuser privileges: this is
absolutely not recommended!

Please specify a different user using the --uid option.

User information: uid=0 euid=0 gid=0 egid=0

  warnings.warn(SecurityWarning(ROOT_DISCOURAGED.format(
 
 -------------- worker1@XIANZHECHU-PC1 v5.6.2 (recovery)
--- ***** ----- 
-- ******* ---- Linux-6.6.87.2-microsoft-standard-WSL2-x86_64-with-glibc2.28 2026-03-30 22:01:14
- *** --- * --- 
- ** ---------- [config]
- ** ---------- .> app:         file_process:0x74e1e0038350
- ** ---------- .> transport:   redis://127.0.0.1:6379/0
- ** ---------- .> results:     mysql+pymysql://test:**@127.0.0.1:3306/t11
- *** --- * --- .> concurrency: 1 (solo)
-- ******* ---- .> task events: OFF (enable -E to monitor tasks in this worker)
--- ***** ----- 
 -------------- [queues]
                .> celery           exchange=celery(direct) key=celery
                

[tasks]
  . file_process.models.fileupload.merge_chunks_task
  . file_process.models.prodetail.process_document_task
  . file_process.models.word_parser.process_word_task

[2026-03-30 22:01:15,301: INFO/MainProcess] Connected to redis://127.0.0.1:6379/0
[2026-03-30 22:01:15,306: INFO/MainProcess] mingle: searching for neighbors
[2026-03-30 22:01:16,317: INFO/MainProcess] mingle: all alone
[2026-03-30 22:01:16,352: INFO/MainProcess] worker1@XIANZHECHU-PC1 ready.
[2026-03-30 22:02:08,787: INFO/MainProcess] Task file_process.models.prodetail.process_document_task[9de0f4fb-f1b2-4b95-8efc-f5383fbe08d1] received
2026-03-30 22:02:08.788 | INFO     | file_process.models.prodetail:process_document_task:785 - 开始处理文档: doc_id=fdbc2bd3c85cac03d6d2192c3183da8c, file_path=/mnt/e/codebuddy/data/tencentcode/data/uploads/final/asd/中冶南方自主可控数据库招标技术要求 (1).docx
2026-03-30 22:02:08.789 | INFO     | file_process.models.prodetail:process_document_task:790 - 直接调用WordParser处理Word文档: /mnt/e/codebuddy/data/tencentcode/data/uploads/final/asd/中冶南方自主可控数据库招标技术要求 (1).docx
2026-03-30 22:02:08.925 | INFO     | file_process.models.prodetail:process_document_task:961 - Word文档处理成功: doc_id=fdbc2bd3c85cac03d6d2192c3183da8c, chapters=6, images=0
2026-03-30 22:02:08.943 | WARNING  | file_process.models.prodetail:process_document_task:997 - 文档向量化失败（不影响主流程）: No module named 'psycopg2'
[2026-03-30 22:02:08,977: INFO/MainProcess] Task file_process.models.prodetail.process_document_task[9de0f4fb-f1b2-4b95-8efc-f5383fbe08d1] succeeded in 0.18869702820666134s: {'metadata': {'chapter_count': 6, 'image_count': 0}, 'process_time': '2026-03-30 22:02:08', 'status': 'success', 'embedding': {'status': 'failed', 'embed_count': 0, 'errors': ['No module named \'psycopg2\'']}}
[2026-03-30 22:02:14,511: INFO/MainProcess] Task file_process.models.prodetail.process_document_task[3620587e-fc7e-47f3-b777-de077dde2fed] received
2026-03-30 22:02:14.512 | INFO     | file_process.models.prodetail:process_document_task:785 - 开始处理文档: doc_id=719df31327598804d6f9cdd3aca0b3bd, file_path=/mnt/e/codebuddy/data/tencentcode/data/uploads/final/asd/华能点对点-0419.docx
2026-03-30 22:02:14.512 | INFO     | file_process.models.prodetail:process_document_task:790 - 直接调用WordParser处理Word文档: /mnt/e/codebuddy/data/tencentcode/data/uploads/final/asd/华能点对点-0419.docx
2026-03-30 22:02:31.765 | INFO     | file_process.models.prodetail:process_document_task:961 - Word文档处理成功: doc_id=719df31327598804d6f9cdd3aca0b3bd, chapters=321, images=558
2026-03-30 22:02:31.786 | WARNING  | file_process.models.prodetail:process_document_task:997 - 文档向量化失败（不影响主流程）: No module named 'psycopg2'
[2026-03-30 22:02:31,806: INFO/MainProcess] Task file_process.models.prodetail.process_document_task[3620587e-fc7e-47f3-b777-de077dde2fed] succeeded in 17.294337244005874s: {'metadata': {'chapter_count': 321, 'image_count': 558}, 'process_time': '2026-03-30 22:02:31', 'status': 'success', 'embedding': {'status': 'failed', 'embed_count': 0, 'errors': ['No module named \'psycopg2\'']}}

worker: Warm shutdown (MainProcess)
/mnt/e/codebuddy/data/tencentcode/lib/python3.12/site-packages/celery/platforms.py:841: SecurityWarning: You're running the worker with superuser privileges: this is
absolutely not recommended!

Please specify a different user using the --uid option.

User information: uid=0 euid=0 gid=0 egid=0

  warnings.warn(SecurityWarning(ROOT_DISCOURAGED.format(
 
 -------------- worker1@XIANZHECHU-PC1 v5.6.2 (recovery)
--- ***** ----- 
-- ******* ---- Linux-6.6.87.2-microsoft-standard-WSL2-x86_64-with-glibc2.28 2026-03-30 22:04:43
- *** --- * --- 
- ** ---------- [config]
- ** ---------- .> app:         file_process:0x7f819c951550
- ** ---------- .> transport:   redis://127.0.0.1:6379/0
- ** ---------- .> results:     mysql+pymysql://test:**@127.0.0.1:3306/t11
- *** --- * --- .> concurrency: 1 (solo)
-- ******* ---- .> task events: OFF (enable -E to monitor tasks in this worker)
--- ***** ----- 
 -------------- [queues]
                .> celery           exchange=celery(direct) key=celery
                

[tasks]
  . file_process.models.fileupload.merge_chunks_task
  . file_process.models.prodetail.process_document_task
  . file_process.models.word_parser.process_word_task

[2026-03-30 22:04:43,967: INFO/MainProcess] Connected to redis://127.0.0.1:6379/0
[2026-03-30 22:04:43,972: INFO/MainProcess] mingle: searching for neighbors
[2026-03-30 22:04:44,982: INFO/MainProcess] mingle: all alone
[2026-03-30 22:04:45,014: INFO/MainProcess] worker1@XIANZHECHU-PC1 ready.
[2026-03-30 22:05:05,048: INFO/MainProcess] Task file_process.models.prodetail.process_document_task[42182171-ddfa-49d8-b0fe-6c3081524f60] received
2026-03-30 22:05:05.050 | INFO     | file_process.models.prodetail:process_document_task:785 - 开始处理文档: doc_id=fdbc2bd3c85cac03d6d2192c3183da8c, file_path=/mnt/e/codebuddy/data/tencentcode/data/uploads/final/asd/中冶南方自主可控数据库招标技术要求 (1).docx
2026-03-30 22:05:05.050 | INFO     | file_process.models.prodetail:process_document_task:790 - 直接调用WordParser处理Word文档: /mnt/e/codebuddy/data/tencentcode/data/uploads/final/asd/中冶南方自主可控数据库招标技术要求 (1).docx
2026-03-30 22:05:05.194 | INFO     | file_process.models.prodetail:process_document_task:961 - Word文档处理成功: doc_id=fdbc2bd3c85cac03d6d2192c3183da8c, chapters=6, images=0
2026-03-30 22:05:05.662 | INFO     | file_process.models.rag_service:embed_and_store_document:350 - [RAG] 开始处理文档: 中冶南方自主可控数据库招标技术要求 (1).docx (doc_id=253)
2026-03-30 22:05:05.754 | INFO     | file_process.models.rag_service:parse_docx_to_sections:187 - 文档解析完成: 中冶南方自主可控数据库招标技术要求 (1).docx, 共 6 个章节
2026-03-30 22:05:06.951 | WARNING  | file_process.models.embedding_service:_init_provider:653 - 未找到 Embedding 配置，将使用简单的词向量方案
2026-03-30 22:05:06.958 | INFO     | file_process.models.rag_service:embed_and_store_document:387 - [RAG] 章节 '文档概述' 切分为 1 个 chunks，开始 embedding...
2026-03-30 22:05:09.035 | INFO     | file_process.models.rag_service:embed_and_store_document:387 - [RAG] 章节 '1.1 项目背景' 切分为 1 个 chunks，开始 embedding...
2026-03-30 22:05:09.807 | INFO     | file_process.models.rag_service:embed_and_store_document:387 - [RAG] 章节 '1.2 项目主体
招标方：中冶南方工程技术有限公司（湖北省武汉市），以下简称中冶' 切分为 1 个 chunks，开始 embedding...
2026-03-30 22:05:10.309 | INFO     | file_process.models.rag_service:embed_and_store_document:387 - [RAG] 章节 '1.3 经费来源' 切分为 1 个 chunks，开始 embedding...
2026-03-30 22:05:11.071 | INFO     | file_process.models.rag_service:embed_and_store_document:387 - [RAG] 章节 '1.4.1国产数据库技术要求' 切分为 2 个 chunks，开始 embedding...
2026-03-30 22:05:12.131 | INFO     | file_process.models.rag_service:embed_and_store_document:387 - [RAG] 章节 '1.4.2数据库功能具体要求' 切分为 5 个 chunks，开始 embedding...
2026-03-30 22:05:15.074 | INFO     | file_process.models.rag_service:embed_and_store_document:442 - [RAG] 文档处理完成: 中冶南方自主可控数据库招标技术要求 (1).docx, 6 章节, 11 chunks
2026-03-30 22:05:15.076 | INFO     | file_process.models.prodetail:process_document_task:981 - 文档 RAG 向量化完成: doc_id=fdbc2bd3c85cac03d6d2192c3183da8c, sections=6, chunks=11
[2026-03-30 22:05:15,113: INFO/MainProcess] Task file_process.models.prodetail.process_document_task[42182171-ddfa-49d8-b0fe-6c3081524f60] succeeded in 10.063328780932352s: {'metadata': {'chapter_count': 6, 'image_count': 0}, 'process_time': '2026-03-30 22:05:05', 'status': 'success', 'embedding': {'status': 'success', 'embed_count': 11, 'sections': 6, 'rag_document_id': 253, 'errors': []}}
[2026-03-30 22:05:34,183: INFO/MainProcess] Task file_process.models.prodetail.process_document_task[0aac6166-2159-4a0b-a159-15357377db87] received
2026-03-30 22:05:34.185 | INFO     | file_process.models.prodetail:process_document_task:785 - 开始处理文档: doc_id=719df31327598804d6f9cdd3aca0b3bd, file_path=/mnt/e/codebuddy/data/tencentcode/data/uploads/final/asd/华能点对点-0419.docx
2026-03-30 22:05:34.185 | INFO     | file_process.models.prodetail:process_document_task:790 - 直接调用WordParser处理Word文档: /mnt/e/codebuddy/data/tencentcode/data/uploads/final/asd/华能点对点-0419.docx
2026-03-30 22:05:52.010 | INFO     | file_process.models.prodetail:process_document_task:961 - Word文档处理成功: doc_id=719df31327598804d6f9cdd3aca0b3bd, chapters=321, images=558
2026-03-30 22:05:55.323 | INFO     | file_process.models.rag_service:embed_and_store_document:350 - [RAG] 开始处理文档: 华能点对点-0419.docx (doc_id=254)
2026-03-30 22:06:03.303 | INFO     | file_process.models.rag_service:parse_docx_to_sections:187 - 文档解析完成: 华能点对点-0419.docx, 共 339 个章节
2026-03-30 22:06:03.306 | WARNING  | file_process.models.embedding_service:_init_provider:653 - 未找到 Embedding 配置，将使用简单的词向量方案
2026-03-30 22:06:03.311 | INFO     | file_process.models.rag_service:embed_and_store_document:387 - [RAG] 章节 '文档概述' 切分为 1 个 chunks，开始 embedding...
2026-03-30 22:06:03.712 | INFO     | file_process.models.rag_service:embed_and_store_document:387 - [RAG] 章节 '▲拥有自主知识产权，能够保障后 续产品的连续性。' 切分为 1 个 chunks，开始 embedding...
2026-03-30 22:06:04.116 | INFO     | file_process.models.rag_service:embed_and_store_document:387 - [RAG] 章节 'a) 支持命令行或图形化的安装；' 切分为 1 个 chunks，开始 embedding...
2026-03-30 22:06:04.496 | INFO     | file_process.models.rag_service:embed_and_store_document:387 - [RAG] 章节 'b) 支持命令行或图形化的可配置安装能 力；' 切分为 1 个 chunks，开始 embedding...
2026-03-30 22:06:04.883 | INFO     | file_process.models.rag_service:embed_and_store_document:387 - [RAG] 章节 'c) 依据安装环境提供相应的初始化参数 配置值；' 切分为 1 个 chunks，开始 embedding...
2026-03-30 22:06:05.258 | INFO     | file_process.models.rag_service:embed_and_store_document:387 - [RAG] 章节 'd) 提供图形化软件组件管理向导工具' 切分为 1 个 chunks，开始 embedding...
2026-03-30 22:06:05.610 | INFO     | file_process.models.rag_service:embed_and_store_document:387 - [RAG] 章节 'a) 支持命令行或图形化的方式关闭和启 动服务；' 切分为 1 个 chunks，开始 embedding...
2026-03-30 22:06:06.034 | INFO     | file_process.models.rag_service:embed_and_store_document:387 - [RAG] 章节 'b) 关闭服务后，再启动服务，服务正常' 切分为 1 个 chunks，开始 embedding...
2026-03-30 22:06:06.398 | INFO     | file_process.models.rag_service:embed_and_store_document:387 - [RAG] 章节 'a) 提供软件安装的日志记录功能；' 切分为 1 个 chunks，开始 embedding...
2026-03-30 22:06:06.781 | INFO     | file_process.models.rag_service:embed_and_store_document:387 - [RAG] 章节 'b) 记录的软件安装信息完整正确；' 切分为 1 个 chunks，开始 embedding...
2026-03-30 22:06:07.149 | INFO     | file_process.models.rag_service:embed_and_store_document:387 - [RAG] 章节 'c) 提供安装配置操作的日志记录功能；' 切分为 1 个 chunks，开始 embedding...
2026-03-30 22:06:07.515 | INFO     | file_process.models.rag_service:embed_and_store_document:387 - [RAG] 章节 'd) 记录的配置操作信息完整正确' 切分为 1 个 chunks，开始 embedding...
2026-03-30 22:06:07.882 | INFO     | file_process.models.rag_service:embed_and_store_document:387 - [RAG] 章节 'a) 支持版本升级，保证版本间功能和数据的兼容性；' 切分为 1 个 chunks，开始 embedding...
2026-03-30 22:06:08.270 | INFO     | file_process.models.rag_service:embed_and_store_document:387 - [RAG] 章节 'b) 厂商提供当前版本与历史版本的差异说明文档，包含新版本对软件和硬件的支持情况' 切分为 1 个 chunks，开始 embedding...
2026-03-30 22:06:08.676 | INFO     | file_process.models.rag_service:embed_and_store_document:387 - [RAG] 章节 'a) 依据工作负载和运行环境，提供配置参 数修改的能力；' 切分为 1 个 chunks，开始 embedding...
2026-03-30 22:06:09.080 | INFO     | file_process.models.rag_service:embed_and_store_document:387 - [RAG] 章节 'b) 修改数据库配置参数后，配置参数立即生效或数据库重新启动生效，立即生效的配置' 切分为 1 个 chunks，开始 embedding...
2026-03-30 22:06:09.483 | INFO     | file_process.models.rag_service:embed_and_store_document:387 - [RAG] 章节 '▲兼容MySQL绝大部分语法和Oracle常用语法。' 切分为 1 个 chunks，开始 embedding...
2026-03-30 22:06:09.845 | INFO     | file_process.models.rag_service:embed_and_store_document:387 - [RAG] 章节 '▲支持 ORACLE 常用的基本的数据类型；支持 sequence；支持内连接、' 切分为 1 个 chunks，开始 embedding...
2026-03-30 22:06:10.261 | INFO     | file_process.models.rag_service:embed_and_store_document:387 - [RAG] 章节 '▲支持 ORACLE 分区表，分区策略包括 LIST/RANGE/HASH；' 切分为 1 个 chunks，开始 embedding...
2026-03-30 22:06:10.621 | INFO     | file_process.models.rag_service:embed_and_store_document:387 - [RAG] 章节 '▲支持两级分区表，分区策略支持 RANGE+HASH/HASH+RANGE;' 切分为 1 个 chunks，开始 embedding...
2026-03-30 22:06:10.997 | INFO     | file_process.models.rag_service:embed_and_store_document:387 - [RAG] 章节 '▲分区表支持主键、唯一键和全局索引。' 切分为 1 个 chunks，开始 embedding...
2026-03-30 22:06:11.363 | INFO     | file_process.models.rag_service:embed_and_store_document:387 - [RAG] 章节 '中文字符集符合GB18030的要求' 切分为 1 个 chunks，开始 embedding...
2026-03-30 22:06:11.863 | INFO     | file_process.models.rag_service:embed_and_store_document:387 - [RAG] 章节 '■为满足统计分析需要，投标数据库产品需支持 ORACLE 下列常用的分析函数：（' 切分为 1 个 chunks，开始 embedding...
2026-03-30 22:06:12.424 | INFO     | file_process.models.rag_service:embed_and_store_document:387 - [RAG] 章节 '支持虚拟化部署或容器化部署等云化部署方式' 切分为 1 个 chunks，开始 embedding...
2026-03-30 22:06:12.810 | INFO     | file_process.models.rag_service:embed_and_store_document:387 - [RAG] 章节 '■支持 ORACLE 存储过程，在存储过程支持游标带参数、游标 fetch 操作' 切分为 1 个 chunks，开始 embedding...
2026-03-30 22:06:13.281 | INFO     | file_process.models.rag_service:embed_and_store_document:387 - [RAG] 章节 '支持 ORACLE Package 和 Package Body，里面需支持自定' 切分为 1 个 chunks，开始 embedding...
2026-03-30 22:06:13.672 | INFO     | file_process.models.rag_service:embed_and_store_document:387 - [RAG] 章节 '▲产品兼容 ORACLE 11g或者以上版本主要功能，并将 ORACLE 以后版' 切分为 1 个 chunks，开始 embedding...
2026-03-30 22:06:14.069 | INFO     | file_process.models.rag_service:embed_and_store_document:387 - [RAG] 章节 '▲投标产品需承诺会长期兼容 ORACLE 11g或者以上版本 以及以后版本的功能' 切分为 1 个 chunks，开始 embedding...
2026-03-30 22:06:14.454 | INFO     | file_process.models.rag_service:embed_and_store_document:387 - [RAG] 章节 '▲产品需同时兼容 MySQL 主要 的SQL 语法。包含表、视图、索引、分区表、' 切分为 3 个 chunks，开始 embedding...
2026-03-30 22:06:15.979 | INFO     | file_process.models.rag_service:embed_and_store_document:387 - [RAG] 章节 '支持将一个大数据表数据水平拆分到所有节点。' 切分为 1 个 chunks，开始 embedding...
2026-03-30 22:06:17.292 | INFO     | file_process.models.rag_service:embed_and_store_document:387 - [RAG] 章节 '支持不带拆分键的查询，支持跨节点查询大表的数据，支持三个分区表' 切分为 1 个 chunks，开始 embedding...
2026-03-30 22:06:17.673 | INFO     | file_process.models.rag_service:embed_and_store_document:387 - [RAG] 章节 '支持将非拆分表数据复制到所有节点上，并跟拆分表进行表关联，消除跨节点请求。' 切分为 1 个 chunks，开始 embedding...
2026-03-30 22:06:18.240 | INFO     | file_process.models.rag_service:embed_and_store_document:387 - [RAG] 章节 '★支持多租户能力，数据库产品的单实例可以同时支持Mysql和Oracle语法。' 切分为 1 个 chunks，开始 embedding...
2026-03-30 22:06:18.629 | INFO     | file_process.models.rag_service:embed_and_store_document:387 - [RAG] 章节 '支持不带拆分键的更新，支持事务跨越多个节点，该事务必须是强一致的分布式事务。' 切分为 1 个 chunks，开始 embedding...
2026-03-30 22:06:19.123 | INFO     | file_process.models.rag_service:embed_and_store_document:387 - [RAG] 章节 '▲支持集群在线扩容和缩容，在线扩容和缩容过程中支持数据自动负载均衡，数据迁移过程' 切分为 1 个 chunks，开始 embedding...
2026-03-30 22:06:19.899 | INFO     | file_process.models.rag_service:embed_and_store_document:387 - [RAG] 章节 '实际最大在线节点规模，提供国际权威证明实际案例最大集群规模数（不少于1000台）' 切分为 1 个 chunks，开始 embedding...
2026-03-30 22:06:20.301 | INFO     | file_process.models.rag_service:embed_and_store_document:387 - [RAG] 章节 'a) 支持集群的运行环境；' 切分为 1 个 chunks，开始 embedding...
2026-03-30 22:06:20.646 | INFO     | file_process.models.rag_service:embed_and_store_document:387 - [RAG] 章节 'b) 支持创建并配置数据库集群；' 切分为 1 个 chunks，开始 embedding...
2026-03-30 22:06:21.020 | INFO     | file_process.models.rag_service:embed_and_store_document:387 - [RAG] 章节 'c) 配置信息至少包括日常运维管理、容灾 管理、日志管理、备份管理、监控等' 切分为 1 个 chunks，开始 embedding...
2026-03-30 22:06:21.398 | INFO     | file_process.models.rag_service:embed_and_store_document:387 - [RAG] 章节 'a) 支持自动数据分布；' 切分为 1 个 chunks，开始 embedding...
2026-03-30 22:06:22.151 | INFO     | file_process.models.rag_service:embed_and_store_document:387 - [RAG] 章节 'b) 按照指定规则设置数据分布' 切分为 1 个 chunks，开始 embedding...
2026-03-30 22:06:22.865 | INFO     | file_process.models.rag_service:embed_and_store_document:387 - [RAG] 章节 '支持在分布式节点上的并行计算' 切分为 2 个 chunks，开始 embedding...
2026-03-30 22:06:23.927 | INFO     | file_process.models.rag_service:embed_and_store_document:387 - [RAG] 章节 'a) 支持在线扩容、缩容；' 切分为 1 个 chunks，开始 embedding...
2026-03-30 22:06:24.647 | INFO     | file_process.models.rag_service:embed_and_store_document:387 - [RAG] 章节 'b) 集群扩容、缩容过程中支持分布式事务 ACID 特性' 切分为 1 个 chunks，开始 embedding...
2026-03-30 22:06:25.343 | INFO     | file_process.models.rag_service:embed_and_store_document:387 - [RAG] 章节 '支持按照数据库集群的节点、状态和负载 的变化，进行动态重分布' 切分为 1 个 chunks，开始 embedding...
2026-03-30 22:06:25.960 | INFO     | file_process.models.rag_service:embed_and_store_document:387 - [RAG] 章节 '当数据分布、分布计算、集群扩展、数据 重分布等变化时，不需要修改应用代码' 切分为 1 个 chunks，开始 embedding...
2026-03-30 22:06:26.586 | INFO     | file_process.models.rag_service:embed_and_store_document:387 - [RAG] 章节 '支持在集群环境下，事务并行执行' 切分为 2 个 chunks，开始 embedding...
2026-03-30 22:06:27.735 | INFO     | file_process.models.rag_service:embed_and_store_document:387 - [RAG] 章节 'a) 支持连续稳定运行；' 切分为 1 个 chunks，开始 embedding...
2026-03-30 22:06:29.248 | INFO     | file_process.models.rag_service:embed_and_store_document:387 - [RAG] 章节 'b) 支持数据库管理系统运行风险的报警 能力' 切分为 1 个 chunks，开始 embedding...
2026-03-30 22:06:29.631 | INFO     | file_process.models.rag_service:embed_and_store_document:387 - [RAG] 章节 '▲投标产品支持数据多副本，至少三副本。多副本之间是强同步。主副本故障后能自动切换' 切分为 1 个 chunks，开始 embedding...
2026-03-30 22:06:30.034 | INFO     | file_process.models.rag_service:embed_and_store_document:387 - [RAG] 章节 '▲多副本的强同步要保证每个备副本最终都具备切换为主副本的能力。不管哪个副本的故障' 切分为 2 个 chunks，开始 embedding...
2026-03-30 22:06:31.060 | INFO     | file_process.models.rag_service:embed_and_store_document:387 - [RAG] 章节 '■投标产品支持故障机器恢复后，自动恢复到故障前的稳定状态，不需要运维介入数据迁移' 切分为 2 个 chunks，开始 embedding...
2026-03-30 22:06:32.137 | INFO     | file_process.models.rag_service:embed_and_store_document:387 - [RAG] 章节 '■机器故障后再修复好了重新加入集群后，集群里数据能继续维持三副本并保持强同步。故' 切分为 1 个 chunks，开始 embedding...
2026-03-30 22:06:33.462 | INFO     | file_process.models.rag_service:embed_and_store_document:387 - [RAG] 章节 '■投标产品支持多机房部署并支持异地多活和容灾能力。' 切分为 1 个 chunks，开始 embedding...
2026-03-30 22:06:34.248 | INFO     | file_process.models.rag_service:embed_and_store_document:387 - [RAG] 章节 '投标产品可以跨机房跨城市部署，且依然具备前面高可用要求。多机房部署时能灵活在主备' 切分为 3 个 chunks，开始 embedding...
2026-03-30 22:06:36.051 | INFO     | file_process.models.rag_service:embed_and_store_document:387 - [RAG] 章节 '■TPC-C 测试数据规格在 5000 万仓以上，稳定运行不低于 8 小时，测试' 切分为 1 个 chunks，开始 embedding...
2026-03-30 22:06:37.328 | INFO     | file_process.models.rag_service:embed_and_store_document:387 - [RAG] 章节 '▲投标产品在测试 OLTP 性能过程中，需要稳定运行不低于 8 小时。期间性能指' 切分为 1 个 chunks，开始 embedding...
2026-03-30 22:06:37.702 | INFO     | file_process.models.rag_service:embed_and_store_document:387 - [RAG] 章节 '▲提供一套自动化运维平台，能同时管理多套数据库集群。提供可信的平台在大企业使用案' 切分为 1 个 chunks，开始 embedding...
2026-03-30 22:06:38.062 | INFO     | file_process.models.rag_service:embed_and_store_document:387 - [RAG] 章节 '▲数据库运维自动化水平高，有 web 图形化界面，支持任务流模式，能将运维任务切' 切分为 1 个 chunks，开始 embedding...
2026-03-30 22:06:38.683 | INFO     | file_process.models.rag_service:embed_and_store_document:387 - [RAG] 章节 '★支持创建多租户（实例），租户可以选择兼容 ORACLE 或 MySQL，租户可' 切分为 1 个 chunks，开始 embedding...
2026-03-30 22:06:39.071 | INFO     | file_process.models.rag_service:embed_and_store_document:387 - [RAG] 章节 '▲运维平台有高可用，元数据库有三副本强同步，可以跨机房部署，有多活能力。需提供方' 切分为 1 个 chunks，开始 embedding...
2026-03-30 22:06:39.685 | INFO     | file_process.models.rag_service:embed_and_store_document:387 - [RAG] 章节 '▲支持分布式数据库备份，包括全量备份，日志备份和实时的增量备份。支持恢复到任意时' 切分为 1 个 chunks，开始 embedding...
2026-03-30 22:06:40.078 | INFO     | file_process.models.rag_service:embed_and_store_document:387 - [RAG] 章节 '▲投标产品支持数据库表和实例(租户）误删除后的手动快速闪回恢复。' 切分为 1 个 chunks，开始 embedding...
2026-03-30 22:06:40.590 | INFO     | file_process.models.rag_service:embed_and_store_document:387 - [RAG] 章节 '▲数据表和实例的快速闪回是为了规避开发运维误操作。需提供方案原理和截图说明。' 切分为 1 个 chunks，开始 embedding...
2026-03-30 22:06:41.108 | INFO     | file_process.models.rag_service:embed_and_store_document:387 - [RAG] 章节 '■支持视图查看数据库全量 SQL（运行的所有 SQL），能根据客户端 IP、用户' 切分为 1 个 chunks，开始 embedding...
2026-03-30 22:06:41.638 | INFO     | file_process.models.rag_service:embed_and_store_document:387 - [RAG] 章节 '▲支持 SQL Hint;支持 Outline 绑定，在线修改执行计划、备份和还' 切分为 5 个 chunks，开始 embedding...
2026-03-30 22:06:43.382 | INFO     | file_process.models.rag_service:embed_and_store_document:387 - [RAG] 章节 '1 row in set (0.00 sec)' 切分为 2 个 chunks，开始 embedding...
2026-03-30 22:06:44.906 | INFO     | file_process.models.rag_service:embed_and_store_document:387 - [RAG] 章节 '▲支持 SQL 限流功能。对于新上线业务的重大问题 SQL在应用来不及调整的情况' 切分为 2 个 chunks，开始 embedding...
2026-03-30 22:06:46.454 | INFO     | file_process.models.rag_service:embed_and_store_document:387 - [RAG] 章节 '▲拥有自主知识产权，能够保障后 续产品的连续性。' 切分为 1 个 chunks，开始 embedding...
2026-03-30 22:06:47.759 | INFO     | file_process.models.rag_service:embed_and_store_document:387 - [RAG] 章节 '支持分配集中式数据库实例，集中式数据库实例支持以单机、主从高可用架构部署' 切分为 1 个 chunks，开始 embedding...
2026-03-30 22:06:48.151 | INFO     | file_process.models.rag_service:embed_and_store_document:387 - [RAG] 章节 '支持通用 x86(Intel、海光等)服 务器和 ARM(鲲鹏、飞腾等)服务器。' 切分为 1 个 chunks，开始 embedding...
2026-03-30 22:06:48.527 | INFO     | file_process.models.rag_service:embed_and_store_document:387 - [RAG] 章节 'BCLINUX，TcentOS Redhat、银河麒麟' 切分为 1 个 chunks，开始 embedding...
2026-03-30 22:06:48.929 | INFO     | file_process.models.rag_service:embed_and_store_document:387 - [RAG] 章节 '具备 OLAP与OLTP 能力，支持 Shared-Nothing 的 MPP ' 切分为 1 个 chunks，开始 embedding...
2026-03-30 22:06:49.288 | INFO     | file_process.models.rag_service:embed_and_store_document:387 - [RAG] 章节 '▲数据库的计算节点、存储节点可以混合部署在同一台服务器中；不同配置的服务器可以部' 切分为 1 个 chunks，开始 embedding...
2026-03-30 22:06:49.645 | INFO     | file_process.models.rag_service:embed_and_store_document:387 - [RAG] 章节 '▲最少3台（物理或虚拟的）服务器，即可部署包括完整可视化调度管控、并具备高可用自' 切分为 1 个 chunks，开始 embedding...
2026-03-30 22:06:50.057 | INFO     | file_process.models.rag_service:embed_and_store_document:387 - [RAG] 章节 '支持数据库高并发读写能力。' 切分为 1 个 chunks，开始 embedding...
2026-03-30 22:06:51.457 | INFO     | file_process.models.rag_service:embed_and_store_document:387 - [RAG] 章节 '500 仓数据 按照 16 分片创建分区表和 2set 分片' 切分为 1 个 chunks，开始 embedding...
2026-03-30 22:06:51.850 | INFO     | file_process.models.rag_service:embed_and_store_document:387 - [RAG] 章节 '■进行基本的增删改查操作，查看结果。新建包含blob和clob类型的列存数据表及' 切分为 1 个 chunks，开始 embedding...
2026-03-30 22:06:52.234 | INFO     | file_process.models.rag_service:embed_and_store_document:387 - [RAG] 章节 '支持全局事务一致性，数据库事务特性 支持读已提交 / 事务可重复读 两种隔离级。' 切分为 1 个 chunks，开始 embedding...
2026-03-30 22:06:52.628 | INFO     | file_process.models.rag_service:embed_and_store_document:387 - [RAG] 章节 '支持回滚操作' 切分为 1 个 chunks，开始 embedding...
2026-03-30 22:06:52.965 | INFO     | file_process.models.rag_service:embed_and_store_document:387 - [RAG] 章节 '支持ACID能力' 切分为 1 个 chunks，开始 embedding...
2026-03-30 22:06:53.312 | INFO     | file_process.models.rag_service:embed_and_store_document:387 - [RAG] 章节 '读已提交（Read Committed），Repeatable Read 可重复' 切分为 1 个 chunks，开始 embedding...
2026-03-30 22:06:53.743 | INFO     | file_process.models.rag_service:embed_and_store_document:387 - [RAG] 章节 '支持单集群不少于 1000 节点集群 规模。' 切分为 1 个 chunks，开始 embedding...
2026-03-30 22:06:54.119 | INFO     | file_process.models.rag_service:embed_and_store_document:387 - [RAG] 章节 '支持在线扩容，扩容过程中数据持续可查询(包括正在数据重分布的表)。' 切分为 1 个 chunks，开始 embedding...
2026-03-30 22:06:54.535 | INFO     | file_process.models.rag_service:embed_and_store_document:387 - [RAG] 章节 '■支持用户通过指定方式干预执行 计划，例如支持 Plan hint，支持 用户添' 切分为 2 个 chunks，开始 embedding...
2026-03-30 22:06:55.484 | INFO     | file_process.models.rag_service:embed_and_store_document:387 - [RAG] 章节 '支持自适应负载:无需调整全局内存参数，高并发、高负载情况下能够保证作业运行。' 切分为 1 个 chunks，开始 embedding...
2026-03-30 22:06:56.808 | INFO     | file_process.models.rag_service:embed_and_store_document:387 - [RAG] 章节 '■故障恢复:集群管理软件实时监控服务状态，对故障实例能够自动拉起或者进行自动主备' 切分为 1 个 chunks，开始 embedding...
2026-03-30 22:06:57.187 | INFO     | file_process.models.rag_service:embed_and_store_document:387 - [RAG] 章节 '集群内高可用-支持数据主备两副 本高可用设计，支持节点故障后 持续运行且无单点失' 切分为 1 个 chunks，开始 embedding...
2026-03-30 22:06:57.586 | INFO     | file_process.models.rag_service:embed_and_store_document:387 - [RAG] 章节 '支持表级逻辑数据备份与恢复。' 切分为 1 个 chunks，开始 embedding...
2026-03-30 22:06:58.148 | INFO     | file_process.models.rag_service:embed_and_store_document:387 - [RAG] 章节 '▲支持 SQL 2003 标准。支持 Merge into 语法、upsert ' 切分为 3 个 chunks，开始 embedding...
2026-03-30 22:06:59.259 | INFO     | file_process.models.rag_service:embed_and_store_document:387 - [RAG] 章节 '支持标准的 ODBC、JDBC 接口。' 切分为 5 个 chunks，开始 embedding...
2026-03-30 22:07:01.051 | INFO     | file_process.models.rag_service:embed_and_store_document:387 - [RAG] 章节 '■兼容 MySQL、Oracle 常用语法，可以在创建库指定兼容模式。' 切分为 1 个 chunks，开始 embedding...
2026-03-30 22:07:02.451 | INFO     | file_process.models.rag_service:embed_and_store_document:387 - [RAG] 章节 '★高度兼容MySQL/MariaDB协议和语法。' 切分为 1 个 chunks，开始 embedding...
2026-03-30 22:07:02.804 | INFO     | file_process.models.rag_service:embed_and_store_document:387 - [RAG] 章节 '兼容DB2的语法' 切分为 1 个 chunks，开始 embedding...
2026-03-30 22:07:03.162 | INFO     | file_process.models.rag_service:embed_and_store_document:387 - [RAG] 章节 '兼容其数据类型（含JSON数据类型），兼容主流函数，兼容字符集（含国家强制性认证' 切分为 1 个 chunks，开始 embedding...
2026-03-30 22:07:03.649 | INFO     | file_process.models.rag_service:embed_and_store_document:387 - [RAG] 章节 '兼容语言结构，兼容DDL，DML，DCL语句语法，兼容JOIN和子查询，兼容事务' 切分为 4 个 chunks，开始 embedding...
2026-03-30 22:07:05.153 | INFO     | file_process.models.rag_service:embed_and_store_document:387 - [RAG] 章节 '▲兼容Oracle Rowid功能。' 切分为 1 个 chunks，开始 embedding...
2026-03-30 22:07:06.421 | INFO     | file_process.models.rag_service:embed_and_store_document:387 - [RAG] 章节 '支持使用TOP子句进行数据分页查询。' 切分为 1 个 chunks，开始 embedding...
2026-03-30 22:07:06.786 | INFO     | file_process.models.rag_service:embed_and_store_document:387 - [RAG] 章节 '字段大小写支持不敏感' 切分为 1 个 chunks，开始 embedding...
2026-03-30 22:07:07.156 | INFO     | file_process.models.rag_service:embed_and_store_document:387 - [RAG] 章节 '支持 C UDF，避免不合理的 UDF 运行导致系统宕机。' 切分为 1 个 chunks，开始 embedding...
2026-03-30 22:07:07.524 | INFO     | file_process.models.rag_service:embed_and_store_document:387 - [RAG] 章节 '支持触发器 Trigger。' 切分为 1 个 chunks，开始 embedding...
2026-03-30 22:07:07.960 | INFO     | file_process.models.rag_service:embed_and_store_document:387 - [RAG] 章节 '支持全局 Sequence。' 切分为 1 个 chunks，开始 embedding...
2026-03-30 22:07:08.328 | INFO     | file_process.models.rag_service:embed_and_store_document:387 - [RAG] 章节 '支持 JOB。' 切分为 1 个 chunks，开始 embedding...
2026-03-30 22:07:08.740 | INFO     | file_process.models.rag_service:embed_and_store_document:387 - [RAG] 章节 '支持 PL/SQL 存储过程和自定义函 数(UDF)。' 切分为 2 个 chunks，开始 embedding...
2026-03-30 22:07:09.721 | INFO     | file_process.models.rag_service:embed_and_store_document:387 - [RAG] 章节 '支持 Session 级临时表。' 切分为 1 个 chunks，开始 embedding...
2026-03-30 22:07:11.102 | INFO     | file_process.models.rag_service:embed_and_store_document:387 - [RAG] 章节 '支持常用 OLAP 分析函数，例如 RANK()、ROW_NUMBER()、DE' 切分为 27 个 chunks，开始 embedding...
2026-03-30 22:07:22.992 | INFO     | file_process.models.rag_service:embed_and_store_document:387 - [RAG] 章节 '支持group by、min、max、sum、count、avg聚合函数。' 切分为 3 个 chunks，开始 embedding...
2026-03-30 22:07:24.189 | INFO     | file_process.models.rag_service:embed_and_store_document:387 - [RAG] 章节 'UTF-8支持。' 切分为 2 个 chunks，开始 embedding...
2026-03-30 22:07:25.269 | INFO     | file_process.models.rag_service:embed_and_store_document:387 - [RAG] 章节 '创建视图、删除视图。删除视图原表重建。修改视图，查看视图原表数据。设置物化视图，' 切分为 3 个 chunks，开始 embedding...
2026-03-30 22:07:26.420 | INFO     | file_process.models.rag_service:embed_and_store_document:387 - [RAG] 章节 '支持 Range 分区:分区键支持整 型、字符型、时间型等数据类型;' 切分为 1 个 chunks，开始 embedding...
2026-03-30 22:07:27.793 | INFO     | file_process.models.rag_service:embed_and_store_document:387 - [RAG] 章节 '支持完善的分区管理:分区 drop、add、truncate、merge。' 切分为 1 个 chunks，开始 embedding...
2026-03-30 22:07:28.169 | INFO     | file_process.models.rag_service:embed_and_store_document:387 - [RAG] 章节 '节点故障高可用。' 切分为 1 个 chunks，开始 embedding...
2026-03-30 22:07:28.614 | INFO     | file_process.models.rag_service:embed_and_store_document:387 - [RAG] 章节 '容灾HA切换。' 切分为 1 个 chunks，开始 embedding...
2026-03-30 22:07:29.017 | INFO     | file_process.models.rag_service:embed_and_store_document:387 - [RAG] 章节 '▲扩容期间可读。' 切分为 2 个 chunks，开始 embedding...
2026-03-30 22:07:29.897 | INFO     | file_process.models.rag_service:embed_and_store_document:387 - [RAG] 章节 '提供多租户管理模式,每个租户管理自己租户下的数据库.' 切分为 1 个 chunks，开始 embedding...
2026-03-30 22:07:31.140 | INFO     | file_process.models.rag_service:embed_and_store_document:387 - [RAG] 章节 '▲支持多租户管理:租户间 CPU、 内存、IO 等资源隔离，相互不干扰。' 切分为 2 个 chunks，开始 embedding...
2026-03-30 22:07:32.212 | INFO     | file_process.models.rag_service:embed_and_store_document:387 - [RAG] 章节 '■支持负载均衡:主节点/协调节点 为多活设计，具有负载均衡能力 或者通过第三方软' 切分为 1 个 chunks，开始 embedding...
2026-03-30 22:07:33.690 | INFO     | file_process.models.rag_service:embed_and_store_document:387 - [RAG] 章节 '支持优先级调度:支持并发度控制、支持业务优先级自定义。' 切分为 1 个 chunks，开始 embedding...
2026-03-30 22:07:34.057 | INFO     | file_process.models.rag_service:embed_and_store_document:387 - [RAG] 章节 '多集群管理，资源物理隔离，不同集群访问内容相互独立' 切分为 1 个 chunks，开始 embedding...
2026-03-30 22:07:34.434 | INFO     | file_process.models.rag_service:embed_and_store_document:387 - [RAG] 章节 '集群资源管理可独立' 切分为 1 个 chunks，开始 embedding...
2026-03-30 22:07:34.778 | INFO     | file_process.models.rag_service:embed_and_store_document:387 - [RAG] 章节 '▲支持精细化访问权限控制能力， 提供四种(数据库、Schema、表级)用户权限级' 切分为 1 个 chunks，开始 embedding...
2026-03-30 22:07:35.162 | INFO     | file_process.models.rag_service:embed_and_store_document:387 - [RAG] 章节 '支持服务端和客户端之间通过 SSL 连接进行数据传输;应用进行 JDBC、ODB' 切分为 3 个 chunks，开始 embedding...
2026-03-30 22:07:36.399 | INFO     | file_process.models.rag_service:embed_and_store_document:387 - [RAG] 章节 '内置安全函数，对数据透明加密。 内置 AES128，AES192，AES256S' 切分为 5 个 chunks，开始 embedding...
2026-03-30 22:07:38.419 | INFO     | file_process.models.rag_service:embed_and_store_document:387 - [RAG] 章节 '6 |      4 | SM4            |           ' 切分为 3 个 chunks，开始 embedding...
2026-03-30 22:07:39.513 | INFO     | file_process.models.rag_service:embed_and_store_document:387 - [RAG] 章节 '50343 | -32767 |            1 |   1663 |' 切分为 1 个 chunks，开始 embedding...
2026-03-30 22:07:40.968 | INFO     | file_process.models.rag_service:embed_and_store_document:387 - [RAG] 章节 '111 |   1111 | 1234567890 | this is CV |' 切分为 1 个 chunks，开始 embedding...
2026-03-30 22:07:41.370 | INFO     | file_process.models.rag_service:embed_and_store_document:387 - [RAG] 章节 '111 |   1111 | 1234567890 | TBase  | Thi' 切分为 5 个 chunks，开始 embedding...
2026-03-30 22:07:43.224 | INFO     | file_process.models.rag_service:embed_and_store_document:387 - [RAG] 章节 '50355 |      2 |            1 |   1663 |' 切分为 1 个 chunks，开始 embedding...
2026-03-30 22:07:44.181 | INFO     | file_process.models.rag_service:embed_and_store_document:387 - [RAG] 章节 '111 |   1111 | 1234567890 | this is CV |' 切分为 1 个 chunks，开始 embedding...
2026-03-30 22:07:44.583 | INFO     | file_process.models.rag_service:embed_and_store_document:387 - [RAG] 章节 '111 |   1111 | 1234567890 | TBase  | Thi' 切分为 1 个 chunks，开始 embedding...
2026-03-30 22:07:44.948 | INFO     | file_process.models.rag_service:embed_and_store_document:387 - [RAG] 章节 '▲支持三权分立及数据库审计，提供用户登录注销审计、数据库启停审计、用户锁定解锁审' 切分为 2 个 chunks，开始 embedding...
2026-03-30 22:07:45.839 | INFO     | file_process.models.rag_service:embed_and_store_document:387 - [RAG] 章节 '支持用户自定义审计日志保存策略，支持按照保存时间和大小两种配置方式。' 切分为 1 个 chunks，开始 embedding...
2026-03-30 22:07:46.927 | INFO     | file_process.models.rag_service:embed_and_store_document:387 - [RAG] 章节 'SQL审计' 切分为 1 个 chunks，开始 embedding...
2026-03-30 22:07:47.281 | INFO     | file_process.models.rag_service:embed_and_store_document:387 - [RAG] 章节 '软件授权只针对数据节点，支持对物理机节点授权,不限定cpu.。' 切分为 1 个 chunks，开始 embedding...
2026-03-30 22:07:47.660 | INFO     | file_process.models.rag_service:embed_and_store_document:387 - [RAG] 章节 '提供将数据库定时备份到指定存储位置的能力，备份方案支持物理备份、逻辑备份、增量备' 切分为 1 个 chunks，开始 embedding...
2026-03-30 22:07:48.021 | INFO     | file_process.models.rag_service:embed_and_store_document:387 - [RAG] 章节 '支持采用哈希、复制方式存储策略实现数据均匀分布；' 切分为 1 个 chunks，开始 embedding...
2026-03-30 22:07:48.382 | INFO     | file_process.models.rag_service:embed_and_store_document:387 - [RAG] 章节 '支持多节点间统计信息自动传递、自动收集；' 切分为 1 个 chunks，开始 embedding...
2026-03-30 22:07:48.767 | INFO     | file_process.models.rag_service:embed_and_store_document:387 - [RAG] 章节 '支持物理日志复制方式的主备机高可用，支持一主多备配置方式；' 切分为 1 个 chunks，开始 embedding...
2026-03-30 22:07:49.138 | INFO     | file_process.models.rag_service:embed_and_store_document:387 - [RAG] 章节 '支持备机可读能力，从而支持读写分离控制；' 切分为 1 个 chunks，开始 embedding...
2026-03-30 22:07:49.479 | INFO     | file_process.models.rag_service:embed_and_store_document:387 - [RAG] 章节 '支持存储、加载、读取XML、UUID、JSON等复杂类型的数据；' 切分为 1 个 chunks，开始 embedding...
2026-03-30 22:07:49.846 | INFO     | file_process.models.rag_service:embed_and_store_document:387 - [RAG] 章节 '支持数据库基于时间点的恢复；' 切分为 1 个 chunks，开始 embedding...
2026-03-30 22:07:50.150 | INFO     | file_process.models.rag_service:embed_and_store_document:387 - [RAG] 章节 '支持数据库在线扩容,扩容步长可以1个节点,2个节点等多种步长' 切分为 1 个 chunks，开始 embedding...
2026-03-30 22:07:50.523 | INFO     | file_process.models.rag_service:embed_and_store_document:387 - [RAG] 章节 '支持Oracle高级对象的兼容能力,package(DBMS_OUTPUT、DB' 切分为 1 个 chunks，开始 embedding...
2026-03-30 22:07:50.880 | INFO     | file_process.models.rag_service:embed_and_store_document:387 - [RAG] 章节 '支持在线版本升级' 切分为 1 个 chunks，开始 embedding...
2026-03-30 22:07:51.206 | INFO     | file_process.models.rag_service:embed_and_store_document:387 - [RAG] 章节 '支持运维平台分片一扩二的能力,减低运维难度' 切分为 1 个 chunks，开始 embedding...
2026-03-30 22:07:51.541 | INFO     | file_process.models.rag_service:embed_and_store_document:387 - [RAG] 章节 '★可灵活扩展，最小扩展规模可为1台服务器' 切分为 1 个 chunks，开始 embedding...
2026-03-30 22:07:51.902 | INFO     | file_process.models.rag_service:embed_and_store_document:387 - [RAG] 章节 '★具备免切换机制，当数据库压力较大（或可预判数据库压力较大）时，可设置禁止主备切' 切分为 1 个 chunks，开始 embedding...
2026-03-30 22:07:52.273 | INFO     | file_process.models.rag_service:embed_and_store_document:387 - [RAG] 章节 '★可灵活配置（1主N备),N=2,3,4,5' 切分为 1 个 chunks，开始 embedding...
2026-03-30 22:07:52.615 | INFO     | file_process.models.rag_service:embed_and_store_document:387 - [RAG] 章节 '★内核支持三权分立的体系，提供数据透明加密，数据脱敏访问，强制访问控制等多个层级' 切分为 1 个 chunks，开始 embedding...
2026-03-30 22:07:53.070 | INFO     | file_process.models.rag_service:embed_and_store_document:387 - [RAG] 章节 '支持数据库系统各节点状态信息的统一展示，当某节点出现状态异常时，运维管理平台能够' 切分为 1 个 chunks，开始 embedding...
2026-03-30 22:07:53.443 | INFO     | file_process.models.rag_service:embed_and_store_document:387 - [RAG] 章节 '支持实时告警，支持历史告警查询，告警管理能力支持比如：告警级别的修改、告警阈值的' 切分为 1 个 chunks，开始 embedding...
2026-03-30 22:07:53.816 | INFO     | file_process.models.rag_service:embed_and_store_document:387 - [RAG] 章节 '支持定时备份能力，支持在线全量备份能力，支持在线增量备份能力，支持实时备份能力，' 切分为 1 个 chunks，开始 embedding...
2026-03-30 22:07:54.173 | INFO     | file_process.models.rag_service:embed_and_store_document:387 - [RAG] 章节 '支持在线DDL，对数据库的表在线修改表结构，修改表结构可不锁表' 切分为 1 个 chunks，开始 embedding...
2026-03-30 22:07:54.547 | INFO     | file_process.models.rag_service:embed_and_store_document:387 - [RAG] 章节 '支持在在控制台上配置数据库参数' 切分为 1 个 chunks，开始 embedding...
2026-03-30 22:07:54.910 | INFO     | file_process.models.rag_service:embed_and_store_document:387 - [RAG] 章节 '支持对不同账号分配不同角色，不同角色可以承担不同权限，如财务，运维，超级管理员等' 切分为 1 个 chunks，开始 embedding...
2026-03-30 22:07:55.282 | INFO     | file_process.models.rag_service:embed_and_store_document:387 - [RAG] 章节 '支持性能检测工具，对数据库实例进行完整性能评估，以协助DBA优化。支持性能分析工' 切分为 1 个 chunks，开始 embedding...
2026-03-30 22:07:55.681 | INFO     | file_process.models.rag_service:embed_and_store_document:387 - [RAG] 章节 '支持资源灵活调度，当资源空闲时，能最大化使用分布式数据库平台资源，可以通过控制台' 切分为 1 个 chunks，开始 embedding...
2026-03-30 22:07:56.050 | INFO     | file_process.models.rag_service:embed_and_store_document:387 - [RAG] 章节 '腾讯云数据库 TDSQL 简介' 切分为 3 个 chunks，开始 embedding...
2026-03-30 22:07:57.591 | INFO     | file_process.models.rag_service:embed_and_store_document:387 - [RAG] 章节 'TDSQL系统总览' 切分为 3 个 chunks，开始 embedding...
2026-03-30 22:07:59.178 | INFO     | file_process.models.rag_service:embed_and_store_document:387 - [RAG] 章节 'TDSQL核心架构模块' 切分为 1 个 chunks，开始 embedding...
2026-03-30 22:08:00.670 | INFO     | file_process.models.rag_service:embed_and_store_document:387 - [RAG] 章节 'TDSQL系统架构' 切分为 2 个 chunks，开始 embedding...
2026-03-30 22:08:01.964 | INFO     | file_process.models.rag_service:embed_and_store_document:387 - [RAG] 章节 'TDSQL产品组件简介' 切分为 1 个 chunks，开始 embedding...
2026-03-30 22:08:03.132 | INFO     | file_process.models.rag_service:embed_and_store_document:387 - [RAG] 章节 '概述' 切分为 1 个 chunks，开始 embedding...
2026-03-30 22:08:03.539 | INFO     | file_process.models.rag_service:embed_and_store_document:387 - [RAG] 章节 '综述' 切分为 1 个 chunks，开始 embedding...
2026-03-30 22:08:03.934 | INFO     | file_process.models.rag_service:embed_and_store_document:387 - [RAG] 章节 '内部人员、系统身份鉴别' 切分为 1 个 chunks，开始 embedding...
2026-03-30 22:08:04.474 | INFO     | file_process.models.rag_service:embed_and_store_document:387 - [RAG] 章节 '内部人员、系统访问控制' 切分为 1 个 chunks，开始 embedding...
2026-03-30 22:08:04.858 | INFO     | file_process.models.rag_service:embed_and_store_document:387 - [RAG] 章节 '内部安全审计' 切分为 1 个 chunks，开始 embedding...
2026-03-30 22:08:05.370 | INFO     | file_process.models.rag_service:embed_and_store_document:387 - [RAG] 章节 '内部入侵防范' 切分为 1 个 chunks，开始 embedding...
2026-03-30 22:08:05.770 | INFO     | file_process.models.rag_service:embed_and_store_document:387 - [RAG] 章节 '备份与恢复' 切分为 1 个 chunks，开始 embedding...
2026-03-30 22:08:06.172 | INFO     | file_process.models.rag_service:embed_and_store_document:387 - [RAG] 章节 '客体安全重用' 切分为 1 个 chunks，开始 embedding...
2026-03-30 22:08:06.565 | INFO     | file_process.models.rag_service:embed_and_store_document:387 - [RAG] 章节 '抗抵赖' 切分为 1 个 chunks，开始 embedding...
2026-03-30 22:08:06.971 | INFO     | file_process.models.rag_service:embed_and_store_document:387 - [RAG] 章节 '负载均衡策略' 切分为 2 个 chunks，开始 embedding...
2026-03-30 22:08:08.040 | INFO     | file_process.models.rag_service:embed_and_store_document:387 - [RAG] 章节 'TDSQL选型概述' 切分为 1 个 chunks，开始 embedding...
2026-03-30 22:08:09.458 | INFO     | file_process.models.rag_service:embed_and_store_document:387 - [RAG] 章节 'TDSQL分片规格的选择' 切分为 1 个 chunks，开始 embedding...
2026-03-30 22:08:10.027 | INFO     | file_process.models.rag_service:embed_and_store_document:387 - [RAG] 章节 'TDSQL分片性能测试' 切分为 1 个 chunks，开始 embedding...
2026-03-30 22:08:10.586 | INFO     | file_process.models.rag_service:embed_and_store_document:387 - [RAG] 章节 '基准性能验证' 切分为 1 个 chunks，开始 embedding...
2026-03-30 22:08:10.960 | INFO     | file_process.models.rag_service:embed_and_store_document:387 - [RAG] 章节 '测试查询性能' 切分为 1 个 chunks，开始 embedding...
2026-03-30 22:08:11.325 | INFO     | file_process.models.rag_service:embed_and_store_document:387 - [RAG] 章节 '测试写入性能' 切分为 1 个 chunks，开始 embedding...
2026-03-30 22:08:11.687 | INFO     | file_process.models.rag_service:embed_and_store_document:387 - [RAG] 章节 '测试综合读写性能' 切分为 1 个 chunks，开始 embedding...
2026-03-30 22:08:12.060 | INFO     | file_process.models.rag_service:embed_and_store_document:387 - [RAG] 章节 '系统部署方案和灾备方案' 切分为 2 个 chunks，开始 embedding...
2026-03-30 22:08:13.236 | INFO     | file_process.models.rag_service:embed_and_store_document:387 - [RAG] 章节 '主生产系统同城双中心高可用设计' 切分为 2 个 chunks，开始 embedding...
2026-03-30 22:08:14.454 | INFO     | file_process.models.rag_service:embed_and_store_document:387 - [RAG] 章节 '数据库实例１主3备跨中心部署' 切分为 1 个 chunks，开始 embedding...
2026-03-30 22:08:15.925 | INFO     | file_process.models.rag_service:embed_and_store_document:387 - [RAG] 章节 '强同步可退化' 切分为 1 个 chunks，开始 embedding...
2026-03-30 22:08:16.414 | INFO     | file_process.models.rag_service:embed_and_store_document:387 - [RAG] 章节 'Proxy网关集群规划设计' 切分为 2 个 chunks，开始 embedding...
2026-03-30 22:08:17.412 | INFO     | file_process.models.rag_service:embed_and_store_document:387 - [RAG] 章节 '数据交换（数据同步、数据库迁移）规划设计' 切分为 2 个 chunks，开始 embedding...
2026-03-30 22:08:18.533 | INFO     | file_process.models.rag_service:embed_and_store_document:387 - [RAG] 章节 '数据库备份规划设计' 切分为 1 个 chunks，开始 embedding...
2026-03-30 22:08:19.949 | INFO     | file_process.models.rag_service:embed_and_store_document:387 - [RAG] 章节 '同城双中心主备部署架构方案' 切分为 2 个 chunks，开始 embedding...
2026-03-30 22:08:21.119 | INFO     | file_process.models.rag_service:embed_and_store_document:387 - [RAG] 章节 '同城双中心双活部署架构方案' 切分为 2 个 chunks，开始 embedding...
2026-03-30 22:08:22.303 | INFO     | file_process.models.rag_service:embed_and_store_document:387 - [RAG] 章节 '两地三中心异地灾备部署方案建议' 切分为 1 个 chunks，开始 embedding...
2026-03-30 22:08:23.421 | INFO     | file_process.models.rag_service:embed_and_store_document:387 - [RAG] 章节 '版本管理和控制' 切分为 1 个 chunks，开始 embedding...
2026-03-30 22:08:23.807 | INFO     | file_process.models.rag_service:embed_and_store_document:387 - [RAG] 章节 '系统运维管理及监控' 切分为 1 个 chunks，开始 embedding...
2026-03-30 22:08:24.266 | INFO     | file_process.models.rag_service:embed_and_store_document:387 - [RAG] 章节 '监控平台对接' 切分为 4 个 chunks，开始 embedding...
2026-03-30 22:08:26.369 | INFO     | file_process.models.rag_service:embed_and_store_document:387 - [RAG] 章节 '丰富的API接口' 切分为 1 个 chunks，开始 embedding...
2026-03-30 22:08:27.785 | INFO     | file_process.models.rag_service:embed_and_store_document:387 - [RAG] 章节 '运维监控管理工具' 切分为 2 个 chunks，开始 embedding...
2026-03-30 22:08:28.900 | INFO     | file_process.models.rag_service:embed_and_store_document:387 - [RAG] 章节 '实例管理' 切分为 1 个 chunks，开始 embedding...
2026-03-30 22:08:30.167 | INFO     | file_process.models.rag_service:embed_and_store_document:387 - [RAG] 章节 '系统监控与告警' 切分为 1 个 chunks，开始 embedding...
2026-03-30 22:08:30.687 | INFO     | file_process.models.rag_service:embed_and_store_document:387 - [RAG] 章节 '集群监控' 切分为 1 个 chunks，开始 embedding...
2026-03-30 22:08:31.059 | INFO     | file_process.models.rag_service:embed_and_store_document:387 - [RAG] 章节 'DB数据库实例监控' 切分为 1 个 chunks，开始 embedding...
2026-03-30 22:08:31.464 | INFO     | file_process.models.rag_service:embed_and_store_document:387 - [RAG] 章节 'SQL引擎监控与告警' 切分为 1 个 chunks，开始 embedding...
2026-03-30 22:08:31.872 | INFO     | file_process.models.rag_service:embed_and_store_document:387 - [RAG] 章节 '实例监控与告警' 切分为 1 个 chunks，开始 embedding...
2026-03-30 22:08:32.248 | INFO     | file_process.models.rag_service:embed_and_store_document:387 - [RAG] 章节 '汇总监控与告警' 切分为 1 个 chunks，开始 embedding...
2026-03-30 22:08:32.660 | INFO     | file_process.models.rag_service:embed_and_store_document:387 - [RAG] 章节 '自定义告警策略' 切分为 1 个 chunks，开始 embedding...
2026-03-30 22:08:33.007 | INFO     | file_process.models.rag_service:embed_and_store_document:387 - [RAG] 章节 '多种告警策略与方式' 切分为 1 个 chunks，开始 embedding...
2026-03-30 22:08:33.535 | INFO     | file_process.models.rag_service:embed_and_store_document:387 - [RAG] 章节 '组件状态监控与告警' 切分为 1 个 chunks，开始 embedding...
2026-03-30 22:08:33.965 | INFO     | file_process.models.rag_service:embed_and_store_document:387 - [RAG] 章节 '勿扰模式' 切分为 1 个 chunks，开始 embedding...
2026-03-30 22:08:34.342 | INFO     | file_process.models.rag_service:embed_and_store_document:387 - [RAG] 章节 '日志管理' 切分为 1 个 chunks，开始 embedding...
2026-03-30 22:08:34.735 | INFO     | file_process.models.rag_service:embed_and_store_document:387 - [RAG] 章节 '参数管理' 切分为 1 个 chunks，开始 embedding...
2026-03-30 22:08:35.263 | INFO     | file_process.models.rag_service:embed_and_store_document:387 - [RAG] 章节 '在线修改表结构' 切分为 1 个 chunks，开始 embedding...
2026-03-30 22:08:35.634 | INFO     | file_process.models.rag_service:embed_and_store_document:387 - [RAG] 章节 '帐户角色管理' 切分为 1 个 chunks，开始 embedding...
2026-03-30 22:08:36.004 | INFO     | file_process.models.rag_service:embed_and_store_document:387 - [RAG] 章节 '版本管理及在线版本升级' 切分为 1 个 chunks，开始 embedding...
2026-03-30 22:08:36.399 | INFO     | file_process.models.rag_service:embed_and_store_document:387 - [RAG] 章节 'TDSQL 数据库简介' 切分为 1 个 chunks，开始 embedding...
2026-03-30 22:08:36.844 | INFO     | file_process.models.rag_service:embed_and_store_document:387 - [RAG] 章节 'TDSQL 数据库基础架构及术语' 切分为 2 个 chunks，开始 embedding...
2026-03-30 22:08:37.985 | INFO     | file_process.models.rag_service:embed_and_store_document:387 - [RAG] 章节 '强一致同步（MAR）' 切分为 1 个 chunks，开始 embedding...
2026-03-30 22:08:39.274 | INFO     | file_process.models.rag_service:embed_and_store_document:387 - [RAG] 章节 '异步复制' 切分为 1 个 chunks，开始 embedding...
2026-03-30 22:08:39.632 | INFO     | file_process.models.rag_service:embed_and_store_document:387 - [RAG] 章节 'DCN 复制' 切分为 1 个 chunks，开始 embedding...
2026-03-30 22:08:40.201 | INFO     | file_process.models.rag_service:embed_and_store_document:387 - [RAG] 章节 'TDSQL 数据库管控组件机制' 切分为 1 个 chunks，开始 embedding...
2026-03-30 22:08:40.830 | INFO     | file_process.models.rag_service:embed_and_store_document:387 - [RAG] 章节 'TDSQL 数据节点切换原理' 切分为 1 个 chunks，开始 embedding...
2026-03-30 22:08:41.321 | INFO     | file_process.models.rag_service:embed_and_store_document:387 - [RAG] 章节 'NoShard与 GroupShard架构' 切分为 1 个 chunks，开始 embedding...
2026-03-30 22:08:42.013 | INFO     | file_process.models.rag_service:embed_and_store_document:387 - [RAG] 章节 '单中心部署架构' 切分为 1 个 chunks，开始 embedding...
2026-03-30 22:08:42.716 | INFO     | file_process.models.rag_service:embed_and_store_document:387 - [RAG] 章节 '同城双中心架构' 切分为 2 个 chunks，开始 embedding...
2026-03-30 22:08:43.913 | INFO     | file_process.models.rag_service:embed_and_store_document:387 - [RAG] 章节 '两地三中心架构' 切分为 2 个 chunks，开始 embedding...
2026-03-30 22:08:45.209 | INFO     | file_process.models.rag_service:embed_and_store_document:387 - [RAG] 章节 'TDSQL 数据库开发规范' 切分为 1 个 chunks，开始 embedding...
2026-03-30 22:08:46.753 | INFO     | file_process.models.rag_service:embed_and_store_document:387 - [RAG] 章节 '架构设计规范' 切分为 1 个 chunks，开始 embedding...
2026-03-30 22:08:47.366 | INFO     | file_process.models.rag_service:embed_and_store_document:387 - [RAG] 章节 '表对象分类' 切分为 1 个 chunks，开始 embedding...
2026-03-30 22:08:47.776 | INFO     | file_process.models.rag_service:embed_and_store_document:387 - [RAG] 章节 '分片键设计规范' 切分为 1 个 chunks，开始 embedding...
2026-03-30 22:08:48.569 | INFO     | file_process.models.rag_service:embed_and_store_document:387 - [RAG] 章节 '表设计规范' 切分为 1 个 chunks，开始 embedding...
2026-03-30 22:08:49.099 | INFO     | file_process.models.rag_service:embed_and_store_document:387 - [RAG] 章节 '冷热库设计规范' 切分为 1 个 chunks，开始 embedding...
2026-03-30 22:08:49.498 | INFO     | file_process.models.rag_service:embed_and_store_document:387 - [RAG] 章节 '数据库设计规范' 切分为 4 个 chunks，开始 embedding...
2026-03-30 22:08:51.378 | INFO     | file_process.models.rag_service:embed_and_store_document:387 - [RAG] 章节 '数据库连接规范' 切分为 1 个 chunks，开始 embedding...
2026-03-30 22:08:52.945 | INFO     | file_process.models.rag_service:embed_and_store_document:387 - [RAG] 章节 '查询' 切分为 1 个 chunks，开始 embedding...
2026-03-30 22:08:53.721 | INFO     | file_process.models.rag_service:embed_and_store_document:387 - [RAG] 章节 'DDL' 切分为 1 个 chunks，开始 embedding...
2026-03-30 22:08:54.166 | INFO     | file_process.models.rag_service:embed_and_store_document:387 - [RAG] 章节 'DML' 切分为 2 个 chunks，开始 embedding...
2026-03-30 22:08:55.262 | INFO     | file_process.models.rag_service:embed_and_store_document:387 - [RAG] 章节 '性能规范' 切分为 2 个 chunks，开始 embedding...
2026-03-30 22:08:56.414 | INFO     | file_process.models.rag_service:embed_and_store_document:387 - [RAG] 章节 '安全规范' 切分为 1 个 chunks，开始 embedding...
2026-03-30 22:08:56.822 | INFO     | file_process.models.rag_service:embed_and_store_document:387 - [RAG] 章节 '供货范围清单(计入投标总价)' 切分为 1 个 chunks，开始 embedding...
2026-03-30 22:08:57.193 | INFO     | file_process.models.rag_service:embed_and_store_document:387 - [RAG] 章节 '技术条款偏差表' 切分为 42 个 chunks，开始 embedding...
2026-03-30 22:09:19.684 | INFO     | file_process.models.rag_service:embed_and_store_document:442 - [RAG] 文档处理完成: 华能点对点-0419.docx, 339 章节, 372 chunks
2026-03-30 22:09:19.685 | INFO     | file_process.models.prodetail:process_document_task:981 - 文档 RAG 向量化完成: doc_id=719df31327598804d6f9cdd3aca0b3bd, sections=339, chunks=372
[2026-03-30 22:09:19,720: INFO/MainProcess] Task file_process.models.prodetail.process_document_task[0aac6166-2159-4a0b-a159-15357377db87] succeeded in 225.53583520581014s: {'metadata': {'chapter_count': 321, 'image_count': 558}, 'process_time': '2026-03-30 22:05:52', 'status': 'success', 'embedding': {'status': 'success', 'embed_count': 372, 'sections': 339, 'rag_document_id': 254, 'errors': []}}
[2026-03-30 22:09:19,727: INFO/MainProcess] Task file_process.models.prodetail.process_document_task[c904e6fc-28dd-44d2-9bf7-569f862d9c04] received
2026-03-30 22:09:19.728 | INFO     | file_process.models.prodetail:process_document_task:785 - 开始处理文档: doc_id=90a66aba91b816bb9621ccd2d2f2eba0, file_path=/mnt/e/codebuddy/data/tencentcode/data/uploads/final/asd/山东黄金分布式点对点应答1212V1.docx
2026-03-30 22:09:19.728 | INFO     | file_process.models.prodetail:process_document_task:790 - 直接调用WordParser处理Word文档: /mnt/e/codebuddy/data/tencentcode/data/uploads/final/asd/山东黄金分布式点对点应答1212V1.docx
2026-03-30 22:10:14.631 | INFO     | file_process.models.prodetail:process_document_task:961 - Word文档处理成功: doc_id=90a66aba91b816bb9621ccd2d2f2eba0, chapters=149, images=763
2026-03-30 22:10:17.533 | INFO     | file_process.models.rag_service:embed_and_store_document:350 - [RAG] 开始处理文档: 山东黄金分布式点对点应答1212V1.docx (doc_id=255)
2026-03-30 22:11:36.889 | INFO     | file_process.models.rag_service:parse_docx_to_sections:187 - 文档解析完成: 山东黄金分布式点对点应答1212V1.docx, 共 148 个章节
2026-03-30 22:11:36.893 | WARNING  | file_process.models.embedding_service:_init_provider:653 - 未找到 Embedding 配置，将使用简单的词向量方案
2026-03-30 22:11:36.901 | INFO     | file_process.models.rag_service:embed_and_store_document:387 - [RAG] 章节 '★数据库安装' 切分为 1 个 chunks，开始 embedding...
2026-03-30 22:11:37.491 | INFO     | file_process.models.rag_service:embed_and_store_document:387 - [RAG] 章节 '★数据库重启' 切分为 1 个 chunks，开始 embedding...
2026-03-30 22:11:37.856 | INFO     | file_process.models.rag_service:embed_and_store_document:387 - [RAG] 章节 '★安装配置日志' 切分为 1 个 chunks，开始 embedding...
2026-03-30 22:11:38.265 | INFO     | file_process.models.rag_service:embed_and_store_document:387 - [RAG] 章节 '★升级维护' 切分为 1 个 chunks，开始 embedding...
2026-03-30 22:11:38.681 | INFO     | file_process.models.rag_service:embed_and_store_document:387 - [RAG] 章节 '安装和升级的兼容性' 切分为 1 个 chunks，开始 embedding...
2026-03-30 22:11:39.045 | INFO     | file_process.models.rag_service:embed_and_store_document:387 - [RAG] 章节 '节点部署' 切分为 1 个 chunks，开始 embedding...
2026-03-30 22:11:39.420 | INFO     | file_process.models.rag_service:embed_and_store_document:387 - [RAG] 章节 '★参数配置' 切分为 1 个 chunks，开始 embedding...
2026-03-30 22:11:39.913 | INFO     | file_process.models.rag_service:embed_and_store_document:387 - [RAG] 章节 '存储配置' 切分为 1 个 chunks，开始 embedding...
2026-03-30 22:11:40.400 | INFO     | file_process.models.rag_service:embed_and_store_document:387 - [RAG] 章节 '内存配置' 切分为 1 个 chunks，开始 embedding...
2026-03-30 22:11:40.864 | INFO     | file_process.models.rag_service:embed_and_store_document:387 - [RAG] 章节 '★基础数据类型' 切分为 1 个 chunks，开始 embedding...
2026-03-30 22:11:41.950 | INFO     | file_process.models.rag_service:embed_and_store_document:387 - [RAG] 章节 '扩展数据类型' 切分为 1 个 chunks，开始 embedding...
2026-03-30 22:11:42.313 | INFO     | file_process.models.rag_service:embed_and_store_document:387 - [RAG] 章节 '自定义数据类型' 切分为 1 个 chunks，开始 embedding...
2026-03-30 22:11:42.804 | INFO     | file_process.models.rag_service:embed_and_store_document:387 - [RAG] 章节 '★数据存储基础功能' 切分为 1 个 chunks，开始 embedding...
2026-03-30 22:11:43.177 | INFO     | file_process.models.rag_service:embed_and_store_document:387 - [RAG] 章节 '数据存储增强功能' 切分为 1 个 chunks，开始 embedding...
2026-03-30 22:11:43.560 | INFO     | file_process.models.rag_service:embed_and_store_document:387 - [RAG] 章节 '★数据检索基础功能' 切分为 1 个 chunks，开始 embedding...
2026-03-30 22:11:43.932 | INFO     | file_process.models.rag_service:embed_and_store_document:387 - [RAG] 章节 '数据检索增强功能' 切分为 1 个 chunks，开始 embedding...
2026-03-30 22:11:44.320 | INFO     | file_process.models.rag_service:embed_and_store_document:387 - [RAG] 章节 '★核心SQL能力' 切分为 1 个 chunks，开始 embedding...
2026-03-30 22:11:44.693 | INFO     | file_process.models.rag_service:embed_and_store_document:387 - [RAG] 章节 '★字符集' 切分为 1 个 chunks，开始 embedding...
2026-03-30 22:11:45.104 | INFO     | file_process.models.rag_service:embed_and_store_document:387 - [RAG] 章节 '★常用操作符' 切分为 1 个 chunks，开始 embedding...
2026-03-30 22:11:45.481 | INFO     | file_process.models.rag_service:embed_and_store_document:387 - [RAG] 章节 '★条件表达式' 切分为 1 个 chunks，开始 embedding...
2026-03-30 22:11:46.068 | INFO     | file_process.models.rag_service:embed_and_store_document:387 - [RAG] 章节 '★SQL 执行计划' 切分为 1 个 chunks，开始 embedding...
2026-03-30 22:11:46.437 | INFO     | file_process.models.rag_service:embed_and_store_document:387 - [RAG] 章节 '★基础对象类型' 切分为 1 个 chunks，开始 embedding...
2026-03-30 22:11:47.056 | INFO     | file_process.models.rag_service:embed_and_store_document:387 - [RAG] 章节 '扩展对象类型' 切分为 1 个 chunks，开始 embedding...
2026-03-30 22:11:47.562 | INFO     | file_process.models.rag_service:embed_and_store_document:387 - [RAG] 章节 '★基础表分区管理' 切分为 1 个 chunks，开始 embedding...
2026-03-30 22:11:47.990 | INFO     | file_process.models.rag_service:embed_and_store_document:387 - [RAG] 章节 '扩展表分区管理' 切分为 1 个 chunks，开始 embedding...
2026-03-30 22:11:48.397 | INFO     | file_process.models.rag_service:embed_and_store_document:387 - [RAG] 章节 '查看对象' 切分为 1 个 chunks，开始 embedding...
2026-03-30 22:11:48.911 | INFO     | file_process.models.rag_service:embed_and_store_document:387 - [RAG] 章节 '查看日志、系统信息' 切分为 1 个 chunks，开始 embedding...
2026-03-30 22:11:49.427 | INFO     | file_process.models.rag_service:embed_and_store_document:387 - [RAG] 章节 '★对象变更' 切分为 1 个 chunks，开始 embedding...
2026-03-30 22:11:49.823 | INFO     | file_process.models.rag_service:embed_and_store_document:387 - [RAG] 章节 '查看会话系统表/视图' 切分为 1 个 chunks，开始 embedding...
2026-03-30 22:11:50.560 | INFO     | file_process.models.rag_service:embed_and_store_document:387 - [RAG] 章节 '查看监控连接系统表/ 视图' 切分为 1 个 chunks，开始 embedding...
2026-03-30 22:11:51.378 | INFO     | file_process.models.rag_service:embed_and_store_document:387 - [RAG] 章节 '异构数据库联机访问' 切分为 1 个 chunks，开始 embedding...
2026-03-30 22:11:51.794 | INFO     | file_process.models.rag_service:embed_and_store_document:387 - [RAG] 章节 '完整性管理' 切分为 1 个 chunks，开始 embedding...
2026-03-30 22:11:52.259 | INFO     | file_process.models.rag_service:embed_and_store_document:387 - [RAG] 章节 '★事务基础特性' 切分为 1 个 chunks，开始 embedding...
2026-03-30 22:11:52.615 | INFO     | file_process.models.rag_service:embed_and_store_document:387 - [RAG] 章节 '★死锁检测与处理' 切分为 1 个 chunks，开始 embedding...
2026-03-30 22:11:53.090 | INFO     | file_process.models.rag_service:embed_and_store_document:387 - [RAG] 章节 '★运行时统计信息基础功能' 切分为 1 个 chunks，开始 embedding...
2026-03-30 22:11:53.585 | INFO     | file_process.models.rag_service:embed_and_store_document:387 - [RAG] 章节 '运行时统计信息增强功能' 切分为 1 个 chunks，开始 embedding...
2026-03-30 22:11:54.019 | INFO     | file_process.models.rag_service:embed_and_store_document:387 - [RAG] 章节 '★日志' 切分为 1 个 chunks，开始 embedding...
2026-03-30 22:11:54.513 | INFO     | file_process.models.rag_service:embed_and_store_document:387 - [RAG] 章节 '★远程运维' 切分为 1 个 chunks，开始 embedding...
2026-03-30 22:11:54.898 | INFO     | file_process.models.rag_service:embed_and_store_document:387 - [RAG] 章节 '★报警' 切分为 1 个 chunks，开始 embedding...
2026-03-30 22:11:55.382 | INFO     | file_process.models.rag_service:embed_and_store_document:387 - [RAG] 章节 'SQL 监测与优化建议' 切分为 1 个 chunks，开始 embedding...
2026-03-30 22:11:55.780 | INFO     | file_process.models.rag_service:embed_and_store_document:387 - [RAG] 章节 '应用迁移' 切分为 1 个 chunks，开始 embedding...
2026-03-30 22:11:56.293 | INFO     | file_process.models.rag_service:embed_and_store_document:387 - [RAG] 章节 '★数据迁移' 切分为 1 个 chunks，开始 embedding...
2026-03-30 22:11:56.881 | INFO     | file_process.models.rag_service:embed_and_store_document:387 - [RAG] 章节 '★数据比对基础功能' 切分为 1 个 chunks，开始 embedding...
2026-03-30 22:11:57.253 | INFO     | file_process.models.rag_service:embed_and_store_document:387 - [RAG] 章节 '数据比对增强功能' 切分为 1 个 chunks，开始 embedding...
2026-03-30 22:11:59.276 | INFO     | file_process.models.rag_service:embed_and_store_document:387 - [RAG] 章节 '★数据备份' 切分为 1 个 chunks，开始 embedding...
2026-03-30 22:11:59.680 | INFO     | file_process.models.rag_service:embed_and_store_document:387 - [RAG] 章节 '备份数据管理' 切分为 1 个 chunks，开始 embedding...
2026-03-30 22:12:00.051 | INFO     | file_process.models.rag_service:embed_and_store_document:387 - [RAG] 章节 '用户/模式备份、恢复' 切分为 1 个 chunks，开始 embedding...
2026-03-30 22:12:00.416 | INFO     | file_process.models.rag_service:embed_and_store_document:387 - [RAG] 章节 '★多种存储 媒体备份、还原' 切分为 1 个 chunks，开始 embedding...
2026-03-30 22:12:00.811 | INFO     | file_process.models.rag_service:embed_and_store_document:387 - [RAG] 章节 '★备份还原的一致性校验' 切分为 1 个 chunks，开始 embedding...
2026-03-30 22:12:01.309 | INFO     | file_process.models.rag_service:embed_and_store_document:387 - [RAG] 章节 '★集群构建与管理' 切分为 1 个 chunks，开始 embedding...
2026-03-30 22:12:01.703 | INFO     | file_process.models.rag_service:embed_and_store_document:387 - [RAG] 章节 '集群构建与管理扩展要求' 切分为 1 个 chunks，开始 embedding...
2026-03-30 22:12:02.094 | INFO     | file_process.models.rag_service:embed_and_store_document:387 - [RAG] 章节 '★数据分布' 切分为 1 个 chunks，开始 embedding...
2026-03-30 22:12:02.589 | INFO     | file_process.models.rag_service:embed_and_store_document:387 - [RAG] 章节 '★分布式计算' 切分为 1 个 chunks，开始 embedding...
2026-03-30 22:12:03.185 | INFO     | file_process.models.rag_service:embed_and_store_document:387 - [RAG] 章节 '★集群扩展' 切分为 1 个 chunks，开始 embedding...
2026-03-30 22:12:03.609 | INFO     | file_process.models.rag_service:embed_and_store_document:387 - [RAG] 章节 '★数据重分布' 切分为 1 个 chunks，开始 embedding...
2026-03-30 22:12:04.017 | INFO     | file_process.models.rag_service:embed_and_store_document:387 - [RAG] 章节 '★对应用透明' 切分为 1 个 chunks，开始 embedding...
2026-03-30 22:12:04.426 | INFO     | file_process.models.rag_service:embed_and_store_document:387 - [RAG] 章节 '★均分负载' 切分为 1 个 chunks，开始 embedding...
2026-03-30 22:12:04.799 | INFO     | file_process.models.rag_service:embed_and_store_document:387 - [RAG] 章节 '★数据库开发调试工具' 切分为 1 个 chunks，开始 embedding...
2026-03-30 22:12:05.286 | INFO     | file_process.models.rag_service:embed_and_store_document:387 - [RAG] 章节 '数据库预编译工具' 切分为 1 个 chunks，开始 embedding...
2026-03-30 22:12:05.666 | INFO     | file_process.models.rag_service:embed_and_store_document:387 - [RAG] 章节 '网络配置工具' 切分为 1 个 chunks，开始 embedding...
2026-03-30 22:12:06.091 | INFO     | file_process.models.rag_service:embed_and_store_document:387 - [RAG] 章节 '创建、修改、删除工具' 切分为 1 个 chunks，开始 embedding...
2026-03-30 22:12:06.612 | INFO     | file_process.models.rag_service:embed_and_store_document:387 - [RAG] 章节 '★用户、角色 管理工具' 切分为 1 个 chunks，开始 embedding...
2026-03-30 22:12:07.027 | INFO     | file_process.models.rag_service:embed_and_store_document:387 - [RAG] 章节 '★SQL 执行计划查看工具' 切分为 1 个 chunks，开始 embedding...
2026-03-30 22:12:07.444 | INFO     | file_process.models.rag_service:embed_and_store_document:387 - [RAG] 章节 '★数据库对象工具' 切分为 1 个 chunks，开始 embedding...
2026-03-30 22:12:08.136 | INFO     | file_process.models.rag_service:embed_and_store_document:387 - [RAG] 章节 '★导入导出工具' 切分为 1 个 chunks，开始 embedding...
2026-03-30 22:12:08.645 | INFO     | file_process.models.rag_service:embed_and_store_document:387 - [RAG] 章节 '触发器、存储过程/函数工具' 切分为 1 个 chunks，开始 embedding...
2026-03-30 22:12:09.103 | INFO     | file_process.models.rag_service:embed_and_store_document:387 - [RAG] 章节 '★数据库运维工具' 切分为 1 个 chunks，开始 embedding...
2026-03-30 22:12:09.689 | INFO     | file_process.models.rag_service:embed_and_store_document:387 - [RAG] 章节 '监控跟踪工具' 切分为 1 个 chunks，开始 embedding...
2026-03-30 22:12:10.268 | INFO     | file_process.models.rag_service:embed_and_store_document:387 - [RAG] 章节 '图形化远程启动、关闭数据库' 切分为 1 个 chunks，开始 embedding...
2026-03-30 22:12:10.670 | INFO     | file_process.models.rag_service:embed_and_store_document:387 - [RAG] 章节 '★图形化的开发工具' 切分为 1 个 chunks，开始 embedding...
2026-03-30 22:12:11.077 | INFO     | file_process.models.rag_service:embed_and_store_document:387 - [RAG] 章节 '★图形化运维工具' 切分为 1 个 chunks，开始 embedding...
2026-03-30 22:12:11.487 | INFO     | file_process.models.rag_service:embed_and_store_document:387 - [RAG] 章节 '图形化展示工具' 切分为 1 个 chunks，开始 embedding...
2026-03-30 22:12:11.924 | INFO     | file_process.models.rag_service:embed_and_store_document:387 - [RAG] 章节 '图形界面配置参数基础功能' 切分为 1 个 chunks，开始 embedding...
2026-03-30 22:12:12.474 | INFO     | file_process.models.rag_service:embed_and_store_document:387 - [RAG] 章节 '图形化管理数据库对象' 切分为 1 个 chunks，开始 embedding...
2026-03-30 22:12:13.035 | INFO     | file_process.models.rag_service:embed_and_store_document:387 - [RAG] 章节 '图形化监控' 切分为 1 个 chunks，开始 embedding...
2026-03-30 22:12:13.403 | INFO     | file_process.models.rag_service:embed_and_store_document:387 - [RAG] 章节 '图形化管理归档' 切分为 1 个 chunks，开始 embedding...
2026-03-30 22:12:13.797 | INFO     | file_process.models.rag_service:embed_and_store_document:387 - [RAG] 章节 '图形化管理数据的备份、还原/恢复' 切分为 1 个 chunks，开始 embedding...
2026-03-30 22:12:14.185 | INFO     | file_process.models.rag_service:embed_and_store_document:387 - [RAG] 章节 '图形化界面易用性' 切分为 1 个 chunks，开始 embedding...
2026-03-30 22:12:14.615 | INFO     | file_process.models.rag_service:embed_and_store_document:387 - [RAG] 章节 '★稳定运行' 切分为 1 个 chunks，开始 embedding...
2026-03-30 22:12:14.993 | INFO     | file_process.models.rag_service:embed_and_store_document:387 - [RAG] 章节 '★快速切换' 切分为 1 个 chunks，开始 embedding...
2026-03-30 22:12:15.378 | INFO     | file_process.models.rag_service:embed_and_store_document:387 - [RAG] 章节 '★恢复无断点' 切分为 1 个 chunks，开始 embedding...
2026-03-30 22:12:15.759 | INFO     | file_process.models.rag_service:embed_and_store_document:387 - [RAG] 章节 '★主备备份' 切分为 1 个 chunks，开始 embedding...
2026-03-30 22:12:16.250 | INFO     | file_process.models.rag_service:embed_and_store_document:387 - [RAG] 章节 '★实例容灾' 切分为 1 个 chunks，开始 embedding...
2026-03-30 22:12:16.733 | INFO     | file_process.models.rag_service:embed_and_store_document:387 - [RAG] 章节 '★容灾部署' 切分为 1 个 chunks，开始 embedding...
2026-03-30 22:12:17.088 | INFO     | file_process.models.rag_service:embed_and_store_document:387 - [RAG] 章节 '★同城容灾' 切分为 1 个 chunks，开始 embedding...
2026-03-30 22:12:17.586 | INFO     | file_process.models.rag_service:embed_and_store_document:387 - [RAG] 章节 '异地容灾' 切分为 1 个 chunks，开始 embedding...
2026-03-30 22:12:18.088 | INFO     | file_process.models.rag_service:embed_and_store_document:387 - [RAG] 章节 '★服务端编程稳定性' 切分为 1 个 chunks，开始 embedding...
2026-03-30 22:12:18.462 | INFO     | file_process.models.rag_service:embed_and_store_document:387 - [RAG] 章节 '★网络容错' 切分为 1 个 chunks，开始 embedding...
2026-03-30 22:12:18.856 | INFO     | file_process.models.rag_service:embed_and_store_document:387 - [RAG] 章节 '★检测报警' 切分为 1 个 chunks，开始 embedding...
2026-03-30 22:12:19.339 | INFO     | file_process.models.rag_service:embed_and_store_document:387 - [RAG] 章节 '★故障恢复' 切分为 1 个 chunks，开始 embedding...
2026-03-30 22:12:20.725 | INFO     | file_process.models.rag_service:embed_and_store_document:387 - [RAG] 章节 '★不同级别故障可恢复' 切分为 1 个 chunks，开始 embedding...
2026-03-30 22:12:21.098 | INFO     | file_process.models.rag_service:embed_and_store_document:387 - [RAG] 章节 '云化部署' 切分为 1 个 chunks，开始 embedding...
2026-03-30 22:12:21.507 | INFO     | file_process.models.rag_service:embed_and_store_document:387 - [RAG] 章节 '★硬件平台兼容' 切分为 1 个 chunks，开始 embedding...
2026-03-30 22:12:21.978 | INFO     | file_process.models.rag_service:embed_and_store_document:387 - [RAG] 章节 '★ODBC' 切分为 1 个 chunks，开始 embedding...
2026-03-30 22:12:22.334 | INFO     | file_process.models.rag_service:embed_and_store_document:387 - [RAG] 章节 '★JDBC' 切分为 1 个 chunks，开始 embedding...
2026-03-30 22:12:22.700 | INFO     | file_process.models.rag_service:embed_and_store_document:387 - [RAG] 章节 '★交付方式' 切分为 1 个 chunks，开始 embedding...
2026-03-30 22:12:23.084 | INFO     | file_process.models.rag_service:embed_and_store_document:387 - [RAG] 章节 '★产品维护周期' 切分为 1 个 chunks，开始 embedding...
2026-03-30 22:12:23.462 | INFO     | file_process.models.rag_service:embed_and_store_document:387 - [RAG] 章节 '★产品延伸服务周期' 切分为 1 个 chunks，开始 embedding...
2026-03-30 22:12:23.841 | INFO     | file_process.models.rag_service:embed_and_store_document:387 - [RAG] 章节 '★产品延伸安全服务周期' 切分为 1 个 chunks，开始 embedding...
2026-03-30 22:12:24.233 | INFO     | file_process.models.rag_service:embed_and_store_document:387 - [RAG] 章节 '★售后服务最小保障期' 切分为 1 个 chunks，开始 embedding...
2026-03-30 22:12:24.619 | INFO     | file_process.models.rag_service:embed_and_store_document:387 - [RAG] 章节 '★供应链与服务保障基础要求' 切分为 1 个 chunks，开始 embedding...
2026-03-30 22:12:25.259 | INFO     | file_process.models.rag_service:embed_and_store_document:387 - [RAG] 章节 '定制服务' 切分为 1 个 chunks，开始 embedding...
2026-03-30 22:12:25.616 | INFO     | file_process.models.rag_service:embed_and_store_document:387 - [RAG] 章节 '驻场服务' 切分为 1 个 chunks，开始 embedding...
2026-03-30 22:12:25.983 | INFO     | file_process.models.rag_service:embed_and_store_document:387 - [RAG] 章节 '在线反馈' 切分为 1 个 chunks，开始 embedding...
2026-03-30 22:12:26.354 | INFO     | file_process.models.rag_service:embed_and_store_document:387 - [RAG] 章节 '★基本要求' 切分为 1 个 chunks，开始 embedding...
2026-03-30 22:12:26.734 | INFO     | file_process.models.rag_service:embed_and_store_document:387 - [RAG] 章节 '安全架构' 切分为 1 个 chunks，开始 embedding...
2026-03-30 22:12:27.100 | INFO     | file_process.models.rag_service:embed_and_store_document:387 - [RAG] 章节 '★漏洞管理' 切分为 1 个 chunks，开始 embedding...
2026-03-30 22:12:27.482 | INFO     | file_process.models.rag_service:embed_and_store_document:387 - [RAG] 章节 '★身份鉴别及访问控制' 切分为 1 个 chunks，开始 embedding...
2026-03-30 22:12:27.897 | INFO     | file_process.models.rag_service:embed_and_store_document:387 - [RAG] 章节 '防篡改' 切分为 1 个 chunks，开始 embedding...
2026-03-30 22:12:28.455 | INFO     | file_process.models.rag_service:embed_and_store_document:387 - [RAG] 章节 '全密态' 切分为 1 个 chunks，开始 embedding...
2026-03-30 22:12:28.953 | INFO     | file_process.models.rag_service:embed_and_store_document:387 - [RAG] 章节 '安全扩展要求' 切分为 1 个 chunks，开始 embedding...
2026-03-30 22:12:29.328 | INFO     | file_process.models.rag_service:embed_and_store_document:387 - [RAG] 章节 '闪回查询' 切分为 1 个 chunks，开始 embedding...
2026-03-30 22:12:29.712 | INFO     | file_process.models.rag_service:embed_and_store_document:387 - [RAG] 章节 '闪回恢复' 切分为 1 个 chunks，开始 embedding...
2026-03-30 22:12:30.095 | INFO     | file_process.models.rag_service:embed_and_store_document:387 - [RAG] 章节 '支持的操作系统' 切分为 1 个 chunks，开始 embedding...
2026-03-30 22:12:30.461 | INFO     | file_process.models.rag_service:embed_and_store_document:387 - [RAG] 章节 '自定义任务编程' 切分为 16 个 chunks，开始 embedding...
2026-03-30 22:12:39.352 | INFO     | file_process.models.rag_service:embed_and_store_document:442 - [RAG] 文档处理完成: 山东黄金分布式点对点应答1212V1.docx, 148 章节, 130 chunks
2026-03-30 22:12:39.354 | INFO     | file_process.models.prodetail:process_document_task:981 - 文档 RAG 向量化完成: doc_id=90a66aba91b816bb9621ccd2d2f2eba0, sections=148, chunks=130
[2026-03-30 22:12:39,383: INFO/MainProcess] Task file_process.models.prodetail.process_document_task[c904e6fc-28dd-44d2-9bf7-569f862d9c04] succeeded in 199.65496926591732s: {'metadata': {'chapter_count': 149, 'image_count': 763}, 'process_time': '2026-03-30 22:10:14', 'status': 'success', 'embedding': {'status': 'success', 'embed_count': 130, 'sections': 148, 'rag_document_id': 255, 'errors': []}}
[2026-03-30 22:12:39,388: INFO/MainProcess] Task file_process.models.prodetail.process_document_task[d688ca9c-7896-46e3-8b64-3764c0e9b825] received
2026-03-30 22:12:39.389 | INFO     | file_process.models.prodetail:process_document_task:785 - 开始处理文档: doc_id=54ca64f287d965cb8b9483926805b0ac, file_path=/mnt/e/codebuddy/data/tencentcode/data/uploads/final/asd/潍柴国产数据库采购项目-20240806.docx
2026-03-30 22:12:39.390 | INFO     | file_process.models.prodetail:process_document_task:790 - 直接调用WordParser处理Word文档: /mnt/e/codebuddy/data/tencentcode/data/uploads/final/asd/潍柴国产数据库采购项目-20240806.docx
2026-03-30 22:12:51.507 | INFO     | file_process.models.prodetail:process_document_task:961 - Word文档处理成功: doc_id=54ca64f287d965cb8b9483926805b0ac, chapters=248, images=346
2026-03-30 22:12:53.628 | INFO     | file_process.models.rag_service:embed_and_store_document:350 - [RAG] 开始处理文档: 潍柴国产数据库采购项目-20240806.docx (doc_id=256)
2026-03-30 22:12:59.678 | INFO     | file_process.models.rag_service:parse_docx_to_sections:187 - 文档解析完成: 潍柴国产数据库采购项目-20240806.docx, 共 248 个章节
2026-03-30 22:12:59.680 | WARNING  | file_process.models.embedding_service:_init_provider:653 - 未找到 Embedding 配置，将使用简单的词向量方案
2026-03-30 22:12:59.683 | INFO     | file_process.models.rag_service:embed_and_store_document:387 - [RAG] 章节 '文档概述' 切分为 1 个 chunks，开始 embedding...
2026-03-30 22:13:00.151 | INFO     | file_process.models.rag_service:embed_and_store_document:387 - [RAG] 章节 '一线通国产数据库建设背景' 切分为 1 个 chunks，开始 embedding...
2026-03-30 22:13:00.616 | INFO     | file_process.models.rag_service:embed_and_store_document:387 - [RAG] 章节 '总体业务需求' 切分为 1 个 chunks，开始 embedding...
2026-03-30 22:13:01.035 | INFO     | file_process.models.rag_service:embed_and_store_document:387 - [RAG] 章节 '关系数据库业务需求分析' 切分为 1 个 chunks，开始 embedding...
2026-03-30 22:13:01.636 | INFO     | file_process.models.rag_service:embed_and_store_document:387 - [RAG] 章节 '业务流程梳理' 切分为 1 个 chunks，开始 embedding...
2026-03-30 22:13:02.164 | INFO     | file_process.models.rag_service:embed_and_store_document:387 - [RAG] 章节 '业务功能分析' 切分为 1 个 chunks，开始 embedding...
2026-03-30 22:13:02.713 | INFO     | file_process.models.rag_service:embed_and_store_document:387 - [RAG] 章节 '项目目标' 切分为 1 个 chunks，开始 embedding...
2026-03-30 22:13:03.103 | INFO     | file_process.models.rag_service:embed_and_store_document:387 - [RAG] 章节 '建设原则' 切分为 1 个 chunks，开始 embedding...
2026-03-30 22:13:03.767 | INFO     | file_process.models.rag_service:embed_and_store_document:387 - [RAG] 章节 '技术规格偏离一览表' 切分为 1 个 chunks，开始 embedding...
2026-03-30 22:13:04.104 | INFO     | file_process.models.rag_service:embed_and_store_document:387 - [RAG] 章节 '系统配置及概述' 切分为 1 个 chunks，开始 embedding...
2026-03-30 22:13:04.512 | INFO     | file_process.models.rag_service:embed_and_store_document:387 - [RAG] 章节 'TDSQL MYSQL系统总览' 切分为 3 个 chunks，开始 embedding...
2026-03-30 22:13:06.155 | INFO     | file_process.models.rag_service:embed_and_store_document:387 - [RAG] 章节 'TDSQL MYSQL核心架构模块' 切分为 3 个 chunks，开始 embedding...
2026-03-30 22:13:07.679 | INFO     | file_process.models.rag_service:embed_and_store_document:387 - [RAG] 章节 'TDSQL MYSQL系统架构' 切分为 2 个 chunks，开始 embedding...
2026-03-30 22:13:08.855 | INFO     | file_process.models.rag_service:embed_and_store_document:387 - [RAG] 章节 'TDSQL MYSQL产品组件简介' 切分为 1 个 chunks，开始 embedding...
2026-03-30 22:13:10.157 | INFO     | file_process.models.rag_service:embed_and_store_document:387 - [RAG] 章节 '产品具有自主原创产品测评证书并提供相关证明' 切分为 1 个 chunks，开始 embedding...
2026-03-30 22:13:10.505 | INFO     | file_process.models.rag_service:embed_and_store_document:387 - [RAG] 章节 '兼容第三方MySQL/MariaDB客户端，包括但不限于navicat、phpm' 切分为 1 个 chunks，开始 embedding...
2026-03-30 22:13:11.013 | INFO     | file_process.models.rag_service:embed_and_store_document:387 - [RAG] 章节 '支持多种字符集，包括 UTF8、GBK、Latin、国产字符集 GB18030-' 切分为 1 个 chunks，开始 embedding...
2026-03-30 22:13:11.385 | INFO     | file_process.models.rag_service:embed_and_store_document:387 - [RAG] 章节 '产品在性能方面平均响应延时不超过 15ms，且 QPS 达到开源 MySQL 版' 切分为 1 个 chunks，开始 embedding...
2026-03-30 22:13:12.003 | INFO     | file_process.models.rag_service:embed_and_store_document:387 - [RAG] 章节 '产品支持国产信创环境进行部署使用' 切分为 1 个 chunks，开始 embedding...
2026-03-30 22:13:12.396 | INFO     | file_process.models.rag_service:embed_and_store_document:387 - [RAG] 章节 '数据库具备将数据表按不同规则自动或手动分布在多个数据节点上' 切分为 1 个 chunks，开始 embedding...
2026-03-30 22:13:13.091 | INFO     | file_process.models.rag_service:embed_and_store_document:387 - [RAG] 章节 '支持高并发、高性能数据库服务场景，提供高并发、高性能的数据库服务，应对高并发流量' 切分为 2 个 chunks，开始 embedding...
2026-03-30 22:13:14.255 | INFO     | file_process.models.rag_service:embed_and_store_document:387 - [RAG] 章节 '支持数据库服务多租户管理，资源隔离场景，不同的应用通过不同的租户使用不同的数据，' 切分为 1 个 chunks，开始 embedding...
2026-03-30 22:13:14.864 | INFO     | file_process.models.rag_service:embed_and_store_document:387 - [RAG] 章节 '完全兼容MySQL/MariaDB协议和语法，兼容MySQL5.7/8.0版本' 切分为 1 个 chunks，开始 embedding...
2026-03-30 22:13:15.485 | INFO     | file_process.models.rag_service:embed_and_store_document:387 - [RAG] 章节 '支持（分布式）事务能力，满足事务的ACID特性。' 切分为 3 个 chunks，开始 embedding...
2026-03-30 22:13:17.173 | INFO     | file_process.models.rag_service:embed_and_store_document:387 - [RAG] 章节 '提供数据强一致保障的数据库服务，满足不同业务可靠性要求，提供单实例、主从、同城、' 切分为 2 个 chunks，开始 embedding...
2026-03-30 22:13:18.450 | INFO     | file_process.models.rag_service:embed_and_store_document:387 - [RAG] 章节 '符合国家相关法规要求，保证业务处理正确、可靠存储和安全传输，应需要具备数据备份能' 切分为 1 个 chunks，开始 embedding...
2026-03-30 22:13:18.977 | INFO     | file_process.models.rag_service:embed_and_store_document:387 - [RAG] 章节 '内置SQL防火墙，SQL防火墙通过匹配规则阻断非法SQL，以达到防注入、防攻击的' 切分为 1 个 chunks，开始 embedding...
2026-03-30 22:13:19.502 | INFO     | file_process.models.rag_service:embed_and_store_document:387 - [RAG] 章节 '支持数据库服务器与客户端建立SSL加密连接（SSL加密默认采用TLS1.2或更高' 切分为 2 个 chunks，开始 embedding...
2026-03-30 22:13:20.539 | INFO     | file_process.models.rag_service:embed_and_store_document:387 - [RAG] 章节 '平台需具有安全测评资质的第三方测评机构出具的安全测评报告，且测评结果为产品无重大' 切分为 1 个 chunks，开始 embedding...
2026-03-30 22:13:20.927 | INFO     | file_process.models.rag_service:embed_and_store_document:387 - [RAG] 章节 '具备OLTP环境高并发情况下的完善锁机制，支持不同级别的锁，至少支持行级锁。支持' 切分为 1 个 chunks，开始 embedding...
2026-03-30 22:13:21.531 | INFO     | file_process.models.rag_service:embed_and_store_document:387 - [RAG] 章节 '提供数据库所需的视图功能，即从一个或几个基本表（或视图）中导出的虚拟的表' 切分为 1 个 chunks，开始 embedding...
2026-03-30 22:13:22.161 | INFO     | file_process.models.rag_service:embed_and_store_document:387 - [RAG] 章节 '支持分布式自增长序列，提供全局唯一ID和sequence能力' 切分为 1 个 chunks，开始 embedding...
2026-03-30 22:13:22.541 | INFO     | file_process.models.rag_service:embed_and_store_document:387 - [RAG] 章节 '可以支持库表级别的回档（恢复）以及基于时间点恢复。' 切分为 1 个 chunks，开始 embedding...
2026-03-30 22:13:23.185 | INFO     | file_process.models.rag_service:embed_and_store_document:387 - [RAG] 章节 '支持一键式在线扩容' 切分为 1 个 chunks，开始 embedding...
2026-03-30 22:13:23.926 | INFO     | file_process.models.rag_service:embed_and_store_document:387 - [RAG] 章节 '支持性能检测工具，对数据库实例进行完整性能评估' 切分为 1 个 chunks，开始 embedding...
2026-03-30 22:13:24.411 | INFO     | file_process.models.rag_service:embed_and_store_document:387 - [RAG] 章节 '支持业务对SQL进行优化评估，包括评估语法逻辑，查询效率等，以协助业务优化SQL' 切分为 1 个 chunks，开始 embedding...
2026-03-30 22:13:24.942 | INFO     | file_process.models.rag_service:embed_and_store_document:387 - [RAG] 章节 '支持对当前数据库正在出现的故障进行快速分析并自动分析解决方案，以快速定位问题和修' 切分为 1 个 chunks，开始 embedding...
2026-03-30 22:13:25.448 | INFO     | file_process.models.rag_service:embed_and_store_document:387 - [RAG] 章节 '支持对历史发生过的SQL进行记录并分析性能问题' 切分为 1 个 chunks，开始 embedding...
2026-03-30 22:13:25.873 | INFO     | file_process.models.rag_service:embed_and_store_document:387 - [RAG] 章节 '支持通过从机进行备份或增量备份，以减轻备份过程中的主机负担' 切分为 1 个 chunks，开始 embedding...
2026-03-30 22:13:26.247 | INFO     | file_process.models.rag_service:embed_and_store_document:387 - [RAG] 章节 '支持在可视化界面对数据库常用参数进行配置' 切分为 1 个 chunks，开始 embedding...
2026-03-30 22:13:26.596 | INFO     | file_process.models.rag_service:embed_and_store_document:387 - [RAG] 章节 '支持binlog日志，适配flink、canal等工具' 切分为 1 个 chunks，开始 embedding...
2026-03-30 22:13:27.168 | INFO     | file_process.models.rag_service:embed_and_store_document:387 - [RAG] 章节 '支持可视化界面对数据库进行部署，节点添加、节点扩容等' 切分为 1 个 chunks，开始 embedding...
2026-03-30 22:13:27.594 | INFO     | file_process.models.rag_service:embed_and_store_document:387 - [RAG] 章节 '支持对数据库的表在线修改表结构，修改表结构可不锁表' 切分为 1 个 chunks，开始 embedding...
2026-03-30 22:13:28.014 | INFO     | file_process.models.rag_service:embed_and_store_document:387 - [RAG] 章节 '支持通过透传语句，即通过/* */SQL注释（hint）的方式，要求数据库对语句' 切分为 1 个 chunks，开始 embedding...
2026-03-30 22:13:28.552 | INFO     | file_process.models.rag_service:embed_and_store_document:387 - [RAG] 章节 '提供与异构数据库之间数据的实时同步工具' 切分为 6 个 chunks，开始 embedding...
2026-03-30 22:13:31.367 | INFO     | file_process.models.rag_service:embed_and_store_document:387 - [RAG] 章节 '项目管理体系' 切分为 1 个 chunks，开始 embedding...
2026-03-30 22:13:32.550 | INFO     | file_process.models.rag_service:embed_and_store_document:387 - [RAG] 章节 '安装前准备' 切分为 1 个 chunks，开始 embedding...
2026-03-30 22:13:32.918 | INFO     | file_process.models.rag_service:embed_and_store_document:387 - [RAG] 章节 '平台定位' 切分为 1 个 chunks，开始 embedding...
2026-03-30 22:13:33.465 | INFO     | file_process.models.rag_service:embed_and_store_document:387 - [RAG] 章节 '建设范围' 切分为 1 个 chunks，开始 embedding...
2026-03-30 22:13:33.855 | INFO     | file_process.models.rag_service:embed_and_store_document:387 - [RAG] 章节 '总体架构' 切分为 3 个 chunks，开始 embedding...
2026-03-30 22:13:35.398 | INFO     | file_process.models.rag_service:embed_and_store_document:387 - [RAG] 章节 '技术架构' 切分为 1 个 chunks，开始 embedding...
2026-03-30 22:13:37.036 | INFO     | file_process.models.rag_service:embed_and_store_document:387 - [RAG] 章节 '集群架构' 切分为 2 个 chunks，开始 embedding...
2026-03-30 22:13:38.564 | INFO     | file_process.models.rag_service:embed_and_store_document:387 - [RAG] 章节 '部署架构' 切分为 1 个 chunks，开始 embedding...
2026-03-30 22:13:39.859 | INFO     | file_process.models.rag_service:embed_and_store_document:387 - [RAG] 章节 '物理部署架构' 切分为 1 个 chunks，开始 embedding...
2026-03-30 22:13:40.459 | INFO     | file_process.models.rag_service:embed_and_store_document:387 - [RAG] 章节 '主生产系统高可用设计' 切分为 2 个 chunks，开始 embedding...
2026-03-30 22:13:41.523 | INFO     | file_process.models.rag_service:embed_and_store_document:387 - [RAG] 章节 '强同步可退化' 切分为 1 个 chunks，开始 embedding...
2026-03-30 22:13:42.054 | INFO     | file_process.models.rag_service:embed_and_store_document:387 - [RAG] 章节 'Proxy网关集群规划设计' 切分为 2 个 chunks，开始 embedding...
2026-03-30 22:13:43.041 | INFO     | file_process.models.rag_service:embed_and_store_document:387 - [RAG] 章节 '数据交换（数据库迁移）规划设计' 切分为 1 个 chunks，开始 embedding...
2026-03-30 22:13:44.547 | INFO     | file_process.models.rag_service:embed_and_store_document:387 - [RAG] 章节 '数据库备份与恢复规划设计' 切分为 2 个 chunks，开始 embedding...
2026-03-30 22:13:45.735 | INFO     | file_process.models.rag_service:embed_and_store_document:387 - [RAG] 章节 '概述' 切分为 1 个 chunks，开始 embedding...
2026-03-30 22:13:46.113 | INFO     | file_process.models.rag_service:embed_and_store_document:387 - [RAG] 章节 '集群的弹性扩展能力' 切分为 1 个 chunks，开始 embedding...
2026-03-30 22:13:47.031 | INFO     | file_process.models.rag_service:embed_and_store_document:387 - [RAG] 章节 '实例的弹性扩展能力' 切分为 1 个 chunks，开始 embedding...
2026-03-30 22:13:47.763 | INFO     | file_process.models.rag_service:embed_and_store_document:387 - [RAG] 章节 '闲时超用技术' 切分为 1 个 chunks，开始 embedding...
2026-03-30 22:13:48.453 | INFO     | file_process.models.rag_service:embed_and_store_document:387 - [RAG] 章节 '四种读写分离方案' 切分为 1 个 chunks，开始 embedding...
2026-03-30 22:13:49.110 | INFO     | file_process.models.rag_service:embed_and_store_document:387 - [RAG] 章节 '热点更新' 切分为 1 个 chunks，开始 embedding...
2026-03-30 22:13:49.845 | INFO     | file_process.models.rag_service:embed_and_store_document:387 - [RAG] 章节 '部署模块及机型分配' 切分为 1 个 chunks，开始 embedding...
2026-03-30 22:13:50.203 | INFO     | file_process.models.rag_service:embed_and_store_document:387 - [RAG] 章节 '配置免密登录' 切分为 1 个 chunks，开始 embedding...
2026-03-30 22:13:50.598 | INFO     | file_process.models.rag_service:embed_and_store_document:387 - [RAG] 章节 '在主控机上安装Ansible' 切分为 1 个 chunks，开始 embedding...
2026-03-30 22:13:50.969 | INFO     | file_process.models.rag_service:embed_and_store_document:387 - [RAG] 章节 '准备数据目录路径' 切分为 1 个 chunks，开始 embedding...
2026-03-30 22:13:51.537 | INFO     | file_process.models.rag_service:embed_and_store_document:387 - [RAG] 章节 '安装各模块' 切分为 1 个 chunks，开始 embedding...
2026-03-30 22:13:51.923 | INFO     | file_process.models.rag_service:embed_and_store_document:387 - [RAG] 章节 '安装核心模块' 切分为 1 个 chunks，开始 embedding...
2026-03-30 22:13:52.263 | INFO     | file_process.models.rag_service:embed_and_store_document:387 - [RAG] 章节 '修改tdsql_hosts文件' 切分为 3 个 chunks，开始 embedding...
2026-03-30 22:13:53.557 | INFO     | file_process.models.rag_service:embed_and_store_document:387 - [RAG] 章节 '设置系统账号密码' 切分为 1 个 chunks，开始 embedding...
2026-03-30 22:13:55.001 | INFO     | file_process.models.rag_service:embed_and_store_document:387 - [RAG] 章节 '修改Ansible变量' 切分为 1 个 chunks，开始 embedding...
2026-03-30 22:13:55.654 | INFO     | file_process.models.rag_service:embed_and_store_document:387 - [RAG] 章节 '执行安装part1_site.yml' 切分为 1 个 chunks，开始 embedding...
2026-03-30 22:13:56.055 | INFO     | file_process.models.rag_service:embed_and_store_document:387 - [RAG] 章节 '赤兔系统的初始化安装步骤如下：' 切分为 4 个 chunks，开始 embedding...
2026-03-30 22:13:58.627 | INFO     | file_process.models.rag_service:embed_and_store_document:387 - [RAG] 章节 '再次修改Ansible变量，监控库连接测试' 切分为 2 个 chunks，开始 embedding...
2026-03-30 22:14:00.119 | INFO     | file_process.models.rag_service:embed_and_store_document:387 - [RAG] 章节 '安装part2_site.yml' 切分为 1 个 chunks，开始 embedding...
2026-03-30 22:14:00.617 | INFO     | file_process.models.rag_service:embed_and_store_document:387 - [RAG] 章节 '安装HDFS模块' 切分为 5 个 chunks，开始 embedding...
2026-03-30 22:14:02.928 | INFO     | file_process.models.rag_service:embed_and_store_document:387 - [RAG] 章节 '安装LVS模块' 切分为 2 个 chunks，开始 embedding...
2026-03-30 22:14:04.123 | INFO     | file_process.models.rag_service:embed_and_store_document:387 - [RAG] 章节 '安装Kafka模块' 切分为 1 个 chunks，开始 embedding...
2026-03-30 22:14:05.596 | INFO     | file_process.models.rag_service:embed_and_store_document:387 - [RAG] 章节 '安装Consumer模块' 切分为 2 个 chunks，开始 embedding...
2026-03-30 22:14:06.534 | INFO     | file_process.models.rag_service:embed_and_store_document:387 - [RAG] 章节 '安装ES模块' 切分为 1 个 chunks，开始 embedding...
2026-03-30 22:14:07.679 | INFO     | file_process.models.rag_service:embed_and_store_document:387 - [RAG] 章节 '实施计划' 切分为 1 个 chunks，开始 embedding...
2026-03-30 22:14:08.182 | INFO     | file_process.models.rag_service:embed_and_store_document:387 - [RAG] 章节 '项目范围管理' 切分为 1 个 chunks，开始 embedding...
2026-03-30 22:14:08.594 | INFO     | file_process.models.rag_service:embed_and_store_document:387 - [RAG] 章节 '项目时间管理' 切分为 1 个 chunks，开始 embedding...
2026-03-30 22:14:08.987 | INFO     | file_process.models.rag_service:embed_and_store_document:387 - [RAG] 章节 '项目成本核算管理' 切分为 1 个 chunks，开始 embedding...
2026-03-30 22:14:09.352 | INFO     | file_process.models.rag_service:embed_and_store_document:387 - [RAG] 章节 '项目质量考核管理' 切分为 1 个 chunks，开始 embedding...
2026-03-30 22:14:09.755 | INFO     | file_process.models.rag_service:embed_and_store_document:387 - [RAG] 章节 '项目人力资源管理' 切分为 1 个 chunks，开始 embedding...
2026-03-30 22:14:10.202 | INFO     | file_process.models.rag_service:embed_and_store_document:387 - [RAG] 章节 '项目沟通管理' 切分为 1 个 chunks，开始 embedding...
2026-03-30 22:14:10.604 | INFO     | file_process.models.rag_service:embed_and_store_document:387 - [RAG] 章节 '项目变更管理' 切分为 2 个 chunks，开始 embedding...
2026-03-30 22:14:11.771 | INFO     | file_process.models.rag_service:embed_and_store_document:387 - [RAG] 章节 '项目配置管理' 切分为 2 个 chunks，开始 embedding...
2026-03-30 22:14:12.935 | INFO     | file_process.models.rag_service:embed_and_store_document:387 - [RAG] 章节 '项目团队' 切分为 1 个 chunks，开始 embedding...
2026-03-30 22:14:14.172 | INFO     | file_process.models.rag_service:embed_and_store_document:387 - [RAG] 章节 '培训方案' 切分为 1 个 chunks，开始 embedding...
2026-03-30 22:14:14.536 | INFO     | file_process.models.rag_service:embed_and_store_document:387 - [RAG] 章节 '培训目标及任务' 切分为 1 个 chunks，开始 embedding...
2026-03-30 22:14:14.957 | INFO     | file_process.models.rag_service:embed_and_store_document:387 - [RAG] 章节 '培训条件和环境' 切分为 1 个 chunks，开始 embedding...
2026-03-30 22:14:15.345 | INFO     | file_process.models.rag_service:embed_and_store_document:387 - [RAG] 章节 '培训计划' 切分为 1 个 chunks，开始 embedding...
2026-03-30 22:14:15.671 | INFO     | file_process.models.rag_service:embed_and_store_document:387 - [RAG] 章节 '培训组织方式' 切分为 1 个 chunks，开始 embedding...
2026-03-30 22:14:16.063 | INFO     | file_process.models.rag_service:embed_and_store_document:387 - [RAG] 章节 '培训方式' 切分为 1 个 chunks，开始 embedding...
2026-03-30 22:14:16.403 | INFO     | file_process.models.rag_service:embed_and_store_document:387 - [RAG] 章节 '运行环境培训对象' 切分为 1 个 chunks，开始 embedding...
2026-03-30 22:14:16.742 | INFO     | file_process.models.rag_service:embed_and_store_document:387 - [RAG] 章节 '项目交付成果' 切分为 1 个 chunks，开始 embedding...
2026-03-30 22:14:17.144 | INFO     | file_process.models.rag_service:embed_and_store_document:387 - [RAG] 章节 '企业级可视化管理方案' 切分为 1 个 chunks，开始 embedding...
2026-03-30 22:14:17.522 | INFO     | file_process.models.rag_service:embed_and_store_document:387 - [RAG] 章节 '实例管理' 切分为 1 个 chunks，开始 embedding...
2026-03-30 22:14:17.906 | INFO     | file_process.models.rag_service:embed_and_store_document:387 - [RAG] 章节 '系统监控与告警' 切分为 1 个 chunks，开始 embedding...
2026-03-30 22:14:18.289 | INFO     | file_process.models.rag_service:embed_and_store_document:387 - [RAG] 章节 '集群监控' 切分为 1 个 chunks，开始 embedding...
2026-03-30 22:14:18.819 | INFO     | file_process.models.rag_service:embed_and_store_document:387 - [RAG] 章节 'DB数据库实例监控' 切分为 1 个 chunks，开始 embedding...
2026-03-30 22:14:19.220 | INFO     | file_process.models.rag_service:embed_and_store_document:387 - [RAG] 章节 'SQL引擎监控与告警' 切分为 1 个 chunks，开始 embedding...
2026-03-30 22:14:19.574 | INFO     | file_process.models.rag_service:embed_and_store_document:387 - [RAG] 章节 '实例监控与告警' 切分为 1 个 chunks，开始 embedding...
2026-03-30 22:14:19.944 | INFO     | file_process.models.rag_service:embed_and_store_document:387 - [RAG] 章节 '汇总监控与告警' 切分为 1 个 chunks，开始 embedding...
2026-03-30 22:14:20.320 | INFO     | file_process.models.rag_service:embed_and_store_document:387 - [RAG] 章节 '自定义告警策略' 切分为 1 个 chunks，开始 embedding...
2026-03-30 22:14:20.673 | INFO     | file_process.models.rag_service:embed_and_store_document:387 - [RAG] 章节 '多种告警策略与方式' 切分为 1 个 chunks，开始 embedding...
2026-03-30 22:14:21.189 | INFO     | file_process.models.rag_service:embed_and_store_document:387 - [RAG] 章节 '组件状态监控与告警' 切分为 1 个 chunks，开始 embedding...
2026-03-30 22:14:21.545 | INFO     | file_process.models.rag_service:embed_and_store_document:387 - [RAG] 章节 '勿扰模式' 切分为 1 个 chunks，开始 embedding...
2026-03-30 22:14:21.929 | INFO     | file_process.models.rag_service:embed_and_store_document:387 - [RAG] 章节 '日志管理' 切分为 1 个 chunks，开始 embedding...
2026-03-30 22:14:22.278 | INFO     | file_process.models.rag_service:embed_and_store_document:387 - [RAG] 章节 '参数管理' 切分为 1 个 chunks，开始 embedding...
2026-03-30 22:14:22.760 | INFO     | file_process.models.rag_service:embed_and_store_document:387 - [RAG] 章节 '在线修改表结构' 切分为 1 个 chunks，开始 embedding...
2026-03-30 22:14:23.125 | INFO     | file_process.models.rag_service:embed_and_store_document:387 - [RAG] 章节 '帐户角色管理' 切分为 1 个 chunks，开始 embedding...
2026-03-30 22:14:23.475 | INFO     | file_process.models.rag_service:embed_and_store_document:387 - [RAG] 章节 '版本管理及在线版本升级' 切分为 1 个 chunks，开始 embedding...
2026-03-30 22:14:23.847 | INFO     | file_process.models.rag_service:embed_and_store_document:387 - [RAG] 章节 '性能调优' 切分为 1 个 chunks，开始 embedding...
2026-03-30 22:14:24.223 | INFO     | file_process.models.rag_service:embed_and_store_document:387 - [RAG] 章节 '智能监控，实例大盘功能' 切分为 1 个 chunks，开始 embedding...
2026-03-30 22:14:24.621 | INFO     | file_process.models.rag_service:embed_and_store_document:387 - [RAG] 章节 'SQL 透视分析' 切分为 1 个 chunks，开始 embedding...
2026-03-30 22:14:25.100 | INFO     | file_process.models.rag_service:embed_and_store_document:387 - [RAG] 章节 'SQL优化功能' 切分为 1 个 chunks，开始 embedding...
2026-03-30 22:14:25.478 | INFO     | file_process.models.rag_service:embed_and_store_document:387 - [RAG] 章节 '智能诊断功能' 切分为 1 个 chunks，开始 embedding...
2026-03-30 22:14:25.884 | INFO     | file_process.models.rag_service:embed_and_store_document:387 - [RAG] 章节 '自定义告警' 切分为 1 个 chunks，开始 embedding...
2026-03-30 22:14:26.265 | INFO     | file_process.models.rag_service:embed_and_store_document:387 - [RAG] 章节 '安全风险识别' 切分为 1 个 chunks，开始 embedding...
2026-03-30 22:14:26.684 | INFO     | file_process.models.rag_service:embed_and_store_document:387 - [RAG] 章节 '巡检报告' 切分为 1 个 chunks，开始 embedding...
2026-03-30 22:14:27.106 | INFO     | file_process.models.rag_service:embed_and_store_document:387 - [RAG] 章节 '主生产系统高可用设计' 切分为 2 个 chunks，开始 embedding...
2026-03-30 22:14:28.184 | INFO     | file_process.models.rag_service:embed_and_store_document:387 - [RAG] 章节 '强同步可退化' 切分为 1 个 chunks，开始 embedding...
2026-03-30 22:14:28.687 | INFO     | file_process.models.rag_service:embed_and_store_document:387 - [RAG] 章节 'Proxy网关集群规划设计' 切分为 2 个 chunks，开始 embedding...
2026-03-30 22:14:29.647 | INFO     | file_process.models.rag_service:embed_and_store_document:387 - [RAG] 章节 '数据交换（数据库迁移）规划设计' 切分为 1 个 chunks，开始 embedding...
2026-03-30 22:14:31.141 | INFO     | file_process.models.rag_service:embed_and_store_document:387 - [RAG] 章节 '数据库备份与恢复规划设计' 切分为 2 个 chunks，开始 embedding...
2026-03-30 22:14:32.285 | INFO     | file_process.models.rag_service:embed_and_store_document:387 - [RAG] 章节 '单中心容灾架构设计' 切分为 1 个 chunks，开始 embedding...
2026-03-30 22:14:32.654 | INFO     | file_process.models.rag_service:embed_and_store_document:387 - [RAG] 章节 '架构图及说明' 切分为 1 个 chunks，开始 embedding...
2026-03-30 22:14:33.132 | INFO     | file_process.models.rag_service:embed_and_store_document:387 - [RAG] 章节 'Proxy故障说明' 切分为 1 个 chunks，开始 embedding...
2026-03-30 22:14:33.480 | INFO     | file_process.models.rag_service:embed_and_store_document:387 - [RAG] 章节 'DB Master故障说明' 切分为 1 个 chunks，开始 embedding...
2026-03-30 22:14:33.872 | INFO     | file_process.models.rag_service:embed_and_store_document:387 - [RAG] 章节 '硬件配置基线建议' 切分为 1 个 chunks，开始 embedding...
2026-03-30 22:14:34.224 | INFO     | file_process.models.rag_service:embed_and_store_document:387 - [RAG] 章节 '同城双中心容灾架构设计' 切分为 1 个 chunks，开始 embedding...
2026-03-30 22:14:34.568 | INFO     | file_process.models.rag_service:embed_and_store_document:387 - [RAG] 章节 '架构图及说明' 切分为 1 个 chunks，开始 embedding...
2026-03-30 22:14:35.098 | INFO     | file_process.models.rag_service:embed_and_store_document:387 - [RAG] 章节 '负载均衡故障情况' 切分为 1 个 chunks，开始 embedding...
2026-03-30 22:14:35.607 | INFO     | file_process.models.rag_service:embed_and_store_document:387 - [RAG] 章节 'Proxy故障说明' 切分为 1 个 chunks，开始 embedding...
2026-03-30 22:14:36.116 | INFO     | file_process.models.rag_service:embed_and_store_document:387 - [RAG] 章节 'DB Master故障说明' 切分为 1 个 chunks，开始 embedding...
2026-03-30 22:14:36.659 | INFO     | file_process.models.rag_service:embed_and_store_document:387 - [RAG] 章节 '主同任一中心故障说明' 切分为 1 个 chunks，开始 embedding...
2026-03-30 22:14:37.131 | INFO     | file_process.models.rag_service:embed_and_store_document:387 - [RAG] 章节 '故障说明：' 切分为 1 个 chunks，开始 embedding...
2026-03-30 22:14:37.459 | INFO     | file_process.models.rag_service:embed_and_store_document:387 - [RAG] 章节 '硬件配置基线建议' 切分为 1 个 chunks，开始 embedding...
2026-03-30 22:14:37.812 | INFO     | file_process.models.rag_service:embed_and_store_document:387 - [RAG] 章节 '两地三中心容灾架构设计' 切分为 1 个 chunks，开始 embedding...
2026-03-30 22:14:38.183 | INFO     | file_process.models.rag_service:embed_and_store_document:387 - [RAG] 章节 '架构图及说明' 切分为 1 个 chunks，开始 embedding...
2026-03-30 22:14:38.771 | INFO     | file_process.models.rag_service:embed_and_store_document:387 - [RAG] 章节 '负载均衡故障情况' 切分为 1 个 chunks，开始 embedding...
2026-03-30 22:14:39.252 | INFO     | file_process.models.rag_service:embed_and_store_document:387 - [RAG] 章节 'Proxy故障说明' 切分为 1 个 chunks，开始 embedding...
2026-03-30 22:14:39.691 | INFO     | file_process.models.rag_service:embed_and_store_document:387 - [RAG] 章节 'DB Master故障说明' 切分为 1 个 chunks，开始 embedding...
2026-03-30 22:14:40.216 | INFO     | file_process.models.rag_service:embed_and_store_document:387 - [RAG] 章节 '主同任一中心故障说明' 切分为 1 个 chunks，开始 embedding...
2026-03-30 22:14:40.587 | INFO     | file_process.models.rag_service:embed_and_store_document:387 - [RAG] 章节 '主同中心间网络故障说明' 切分为 1 个 chunks，开始 embedding...
2026-03-30 22:14:40.971 | INFO     | file_process.models.rag_service:embed_and_store_document:387 - [RAG] 章节 '主同中心全故障说明' 切分为 1 个 chunks，开始 embedding...
2026-03-30 22:14:41.461 | INFO     | file_process.models.rag_service:embed_and_store_document:387 - [RAG] 章节 '硬件配置基线建议' 切分为 1 个 chunks，开始 embedding...
2026-03-30 22:14:41.811 | INFO     | file_process.models.rag_service:embed_and_store_document:387 - [RAG] 章节 '国产化数据库系统建设方法论' 切分为 1 个 chunks，开始 embedding...
2026-03-30 22:14:42.274 | INFO     | file_process.models.rag_service:embed_and_store_document:387 - [RAG] 章节 '异构数据库迁移方法论' 切分为 1 个 chunks，开始 embedding...
2026-03-30 22:14:42.781 | INFO     | file_process.models.rag_service:embed_and_store_document:387 - [RAG] 章节 '腾讯数据库迁移平台' 切分为 1 个 chunks，开始 embedding...
2026-03-30 22:14:43.253 | INFO     | file_process.models.rag_service:embed_and_store_document:387 - [RAG] 章节 '多数据库产品兼容' 切分为 1 个 chunks，开始 embedding...
2026-03-30 22:14:43.605 | INFO     | file_process.models.rag_service:embed_and_store_document:387 - [RAG] 章节 '全量数据迁移' 切分为 1 个 chunks，开始 embedding...
2026-03-30 22:14:43.999 | INFO     | file_process.models.rag_service:embed_and_store_document:387 - [RAG] 章节 '全量迁移工作原理介绍' 切分为 1 个 chunks，开始 embedding...
2026-03-30 22:14:44.537 | INFO     | file_process.models.rag_service:embed_and_store_document:387 - [RAG] 章节 '增量同步工作原理介绍' 切分为 1 个 chunks，开始 embedding...
2026-03-30 22:14:45.169 | INFO     | file_process.models.rag_service:embed_and_store_document:387 - [RAG] 章节 '全量与增量衔接原理介绍' 切分为 1 个 chunks，开始 embedding...
2026-03-30 22:14:45.673 | INFO     | file_process.models.rag_service:embed_and_store_document:387 - [RAG] 章节 '校验原理工作介绍' 切分为 1 个 chunks，开始 embedding...
2026-03-30 22:14:46.129 | INFO     | file_process.models.rag_service:embed_and_store_document:387 - [RAG] 章节 '安全保障概述' 切分为 1 个 chunks，开始 embedding...
2026-03-30 22:14:46.492 | INFO     | file_process.models.rag_service:embed_and_store_document:387 - [RAG] 章节 '内部人员、系统身份鉴别' 切分为 1 个 chunks，开始 embedding...
2026-03-30 22:14:47.005 | INFO     | file_process.models.rag_service:embed_and_store_document:387 - [RAG] 章节 '内部人员、系统访问控制' 切分为 1 个 chunks，开始 embedding...
2026-03-30 22:14:47.375 | INFO     | file_process.models.rag_service:embed_and_store_document:387 - [RAG] 章节 '数据完整性与误操作恢复' 切分为 1 个 chunks，开始 embedding...
2026-03-30 22:14:47.773 | INFO     | file_process.models.rag_service:embed_and_store_document:387 - [RAG] 章节 '数据安全加密' 切分为 1 个 chunks，开始 embedding...
2026-03-30 22:14:48.168 | INFO     | file_process.models.rag_service:embed_and_store_document:387 - [RAG] 章节 '数据安全传输' 切分为 1 个 chunks，开始 embedding...
2026-03-30 22:14:48.631 | INFO     | file_process.models.rag_service:embed_and_store_document:387 - [RAG] 章节 '配置的安全' 切分为 1 个 chunks，开始 embedding...
2026-03-30 22:14:48.995 | INFO     | file_process.models.rag_service:embed_and_store_document:387 - [RAG] 章节 '全维度的安全审计' 切分为 1 个 chunks，开始 embedding...
2026-03-30 22:14:49.497 | INFO     | file_process.models.rag_service:embed_and_store_document:387 - [RAG] 章节 '内部入侵防范' 切分为 1 个 chunks，开始 embedding...
2026-03-30 22:14:49.866 | INFO     | file_process.models.rag_service:embed_and_store_document:387 - [RAG] 章节 '备份与恢复' 切分为 1 个 chunks，开始 embedding...
2026-03-30 22:14:50.188 | INFO     | file_process.models.rag_service:embed_and_store_document:387 - [RAG] 章节 '客体安全重用' 切分为 1 个 chunks，开始 embedding...
2026-03-30 22:14:50.556 | INFO     | file_process.models.rag_service:embed_and_store_document:387 - [RAG] 章节 '抗抵赖' 切分为 1 个 chunks，开始 embedding...
2026-03-30 22:14:50.920 | INFO     | file_process.models.rag_service:embed_and_store_document:387 - [RAG] 章节 '资源安全与内核级安全策略' 切分为 1 个 chunks，开始 embedding...
2026-03-30 22:14:51.501 | INFO     | file_process.models.rag_service:embed_and_store_document:387 - [RAG] 章节 '售后服务体系' 切分为 1 个 chunks，开始 embedding...
2026-03-30 22:14:52.061 | INFO     | file_process.models.rag_service:embed_and_store_document:387 - [RAG] 章节 '售后服务流程' 切分为 1 个 chunks，开始 embedding...
2026-03-30 22:14:52.404 | INFO     | file_process.models.rag_service:embed_and_store_document:387 - [RAG] 章节 '售后服务方式及响应时间' 切分为 1 个 chunks，开始 embedding...
2026-03-30 22:14:52.761 | INFO     | file_process.models.rag_service:embed_and_store_document:387 - [RAG] 章节 '远程支持' 切分为 1 个 chunks，开始 embedding...
2026-03-30 22:14:53.155 | INFO     | file_process.models.rag_service:embed_and_store_document:387 - [RAG] 章节 '故障响应时间' 切分为 1 个 chunks，开始 embedding...
2026-03-30 22:14:53.540 | INFO     | file_process.models.rag_service:embed_and_store_document:387 - [RAG] 章节 '培训' 切分为 1 个 chunks，开始 embedding...
2026-03-30 22:14:53.836 | INFO     | file_process.models.rag_service:embed_and_store_document:387 - [RAG] 章节 '应急措施' 切分为 1 个 chunks，开始 embedding...
2026-03-30 22:14:54.199 | INFO     | file_process.models.rag_service:embed_and_store_document:387 - [RAG] 章节 '内部应急机制' 切分为 1 个 chunks，开始 embedding...
2026-03-30 22:14:54.775 | INFO     | file_process.models.rag_service:embed_and_store_document:387 - [RAG] 章节 '外部应急机制' 切分为 1 个 chunks，开始 embedding...
2026-03-30 22:14:55.236 | INFO     | file_process.models.rag_service:embed_and_store_document:387 - [RAG] 章节 '应急措施手册' 切分为 1 个 chunks，开始 embedding...
2026-03-30 22:14:55.592 | INFO     | file_process.models.rag_service:embed_and_store_document:387 - [RAG] 章节 '运维工具' 切分为 1 个 chunks，开始 embedding...
2026-03-30 22:14:55.963 | INFO     | file_process.models.rag_service:embed_and_store_document:387 - [RAG] 章节 '数据迁移评估工具TMT' 切分为 48 个 chunks，开始 embedding...
2026-03-30 22:15:21.788 | INFO     | file_process.models.rag_service:embed_and_store_document:442 - [RAG] 文档处理完成: 潍柴国产数据库采购项目-20240806.docx, 248 章节, 272 chunks
2026-03-30 22:15:21.790 | INFO     | file_process.models.prodetail:process_document_task:981 - 文档 RAG 向量化完成: doc_id=54ca64f287d965cb8b9483926805b0ac, sections=248, chunks=272
[2026-03-30 22:15:21,820: INFO/MainProcess] Task file_process.models.prodetail.process_document_task[d688ca9c-7896-46e3-8b64-3764c0e9b825] succeeded in 162.4307715811301s: {'metadata': {'chapter_count': 248, 'image_count': 346}, 'process_time': '2026-03-30 22:12:51', 'status': 'success', 'embedding': {'status': 'success', 'embed_count': 272, 'sections': 248, 'rag_document_id': 256, 'errors': []}}
[2026-03-31 19:18:32,804: INFO/MainProcess] Task file_process.models.fileupload.merge_chunks_task[bcdd45c7-1339-4f59-8627-7bce32d1c650] received
2026-03-31 19:18:32.806 | INFO     | file_process.models.fileupload:merge_chunks_task:638 - 开始合并: 1338753a127562c128d5bb921b37f86f
2026-03-31 19:18:32.807 | INFO     | file_process.models.fileupload:merge_chunks_task:639 - UPLOAD_FOLDER路径: /mnt/e/codebuddy/data/tencentcode/data/uploads/temp
2026-03-31 19:18:32.807 | INFO     | file_process.models.fileupload:merge_chunks_task:640 - FINAL_FOLDER路径: /mnt/e/codebuddy/data/tencentcode/data/uploads/final
2026-03-31 19:18:33.818 | INFO     | file_process.models.fileupload:merge_chunks_task:711 - 合并完成: 1338753a127562c128d5bb921b37f86f - /mnt/e/codebuddy/data/tencentcode/data/uploads/final/asd1/潍柴国产数据库采购项目-20240806.docx
[2026-03-31 19:18:33,840: INFO/MainProcess] Task file_process.models.fileupload.merge_chunks_task[bcdd45c7-1339-4f59-8627-7bce32d1c650] succeeded in 1.0345585490576923s: {'status': 'completed', 'filename': '潍柴国产数据库采购项目-20240806.docx', 'path': '/mnt/e/codebuddy/data/tencentcode/data/uploads/final/asd1/潍柴国产数据库采购项目-20240806.docx', 'size': 51575743}
[2026-03-31 19:18:33,845: INFO/MainProcess] Task file_process.models.fileupload.merge_chunks_task[482abb07-dffa-4225-b597-8213f672f93e] received
2026-03-31 19:18:33.845 | INFO     | file_process.models.fileupload:merge_chunks_task:638 - 开始合并: 168b311312f8b85c537d7fb617bee1bc
2026-03-31 19:18:33.846 | INFO     | file_process.models.fileupload:merge_chunks_task:639 - UPLOAD_FOLDER路径: /mnt/e/codebuddy/data/tencentcode/data/uploads/temp
2026-03-31 19:18:33.846 | INFO     | file_process.models.fileupload:merge_chunks_task:640 - FINAL_FOLDER路径: /mnt/e/codebuddy/data/tencentcode/data/uploads/final
2026-03-31 19:18:35.297 | INFO     | file_process.models.fileupload:merge_chunks_task:711 - 合并完成: 168b311312f8b85c537d7fb617bee1bc - /mnt/e/codebuddy/data/tencentcode/data/uploads/final/asd1/山东黄金分布式点对点应答1212V1.docx
[2026-03-31 19:18:35,310: INFO/MainProcess] Task file_process.models.fileupload.merge_chunks_task[482abb07-dffa-4225-b597-8213f672f93e] succeeded in 1.465237929020077s: {'status': 'completed', 'filename': '山东黄金分布式点对点应答1212V1.docx', 'path': '/mnt/e/codebuddy/data/tencentcode/data/uploads/final/asd1/山东黄金分布式点对点应答1212V1.docx', 'size': 80121117}
[2026-03-31 19:18:35,313: INFO/MainProcess] Task file_process.models.fileupload.merge_chunks_task[969c148c-b266-41d9-b714-971a910c2a8c] received
2026-03-31 19:18:35.314 | INFO     | file_process.models.fileupload:merge_chunks_task:638 - 开始合并: 1a41133d87357cb15c0f77c33595a4ff
2026-03-31 19:18:35.314 | INFO     | file_process.models.fileupload:merge_chunks_task:639 - UPLOAD_FOLDER路径: /mnt/e/codebuddy/data/tencentcode/data/uploads/temp
2026-03-31 19:18:35.314 | INFO     | file_process.models.fileupload:merge_chunks_task:640 - FINAL_FOLDER路径: /mnt/e/codebuddy/data/tencentcode/data/uploads/final
2026-03-31 19:18:36.958 | INFO     | file_process.models.fileupload:merge_chunks_task:711 - 合并完成: 1a41133d87357cb15c0f77c33595a4ff - /mnt/e/codebuddy/data/tencentcode/data/uploads/final/asd1/华能点对点-0419.docx
[2026-03-31 19:18:36,973: INFO/MainProcess] Task file_process.models.fileupload.merge_chunks_task[969c148c-b266-41d9-b714-971a910c2a8c] succeeded in 1.6590007410850376s: {'status': 'completed', 'filename': '华能点对点-0419.docx', 'path': '/mnt/e/codebuddy/data/tencentcode/data/uploads/final/asd1/华能点对点-0419.docx', 'size': 85552647}
[2026-03-31 19:18:57,118: INFO/MainProcess] Task file_process.models.prodetail.process_document_task[427ebc9f-2384-4443-a378-292d3a1102b9] received
2026-03-31 19:18:57.119 | INFO     | file_process.models.prodetail:process_document_task:785 - 开始处理文档: doc_id=1a41133d87357cb15c0f77c33595a4ff, file_path=/mnt/e/codebuddy/data/tencentcode/data/uploads/final/asd1/华能点对点-0419.docx
2026-03-31 19:18:57.119 | INFO     | file_process.models.prodetail:process_document_task:790 - 直接调用WordParser处理Word文档: /mnt/e/codebuddy/data/tencentcode/data/uploads/final/asd1/华能点对点-0419.docx
2026-03-31 19:19:13.936 | INFO     | file_process.models.prodetail:process_document_task:961 - Word文档处理成功: doc_id=1a41133d87357cb15c0f77c33595a4ff, chapters=321, images=558
2026-03-31 19:19:17.079 | INFO     | file_process.models.rag_service:embed_and_store_document:350 - [RAG] 开始处理文档: 华能点对点-0419.docx (doc_id=257)
2026-03-31 19:19:24.885 | INFO     | file_process.models.rag_service:parse_docx_to_sections:187 - 文档解析完成: 华能点对点-0419.docx, 共 339 个章节
2026-03-31 19:19:24.887 | INFO     | file_process.models.embedding_service:_init_provider:667 - Embedding 服务初始化成功: BGE-M3 (sentence-transformers)
2026-03-31 19:19:24.890 | INFO     | file_process.models.rag_service:embed_and_store_document:387 - [RAG] 章节 '文档概述' 切分为 1 个 chunks，开始 embedding...
2026-03-31 19:19:25.296 | INFO     | file_process.models.rag_service:embed_and_store_document:387 - [RAG] 章节 '▲拥有自主知识产权，能够保障后 续产品的连续性。' 切分为 1 个 chunks，开始 embedding...
2026-03-31 19:19:25.632 | INFO     | file_process.models.rag_service:embed_and_store_document:387 - [RAG] 章节 'a) 支持命令行或图形化的安装；' 切分为 1 个 chunks，开始 embedding...
2026-03-31 19:19:25.963 | INFO     | file_process.models.rag_service:embed_and_store_document:387 - [RAG] 章节 'b) 支持命令行或图形化的可配置安装能 力；' 切分为 1 个 chunks，开始 embedding...
2026-03-31 19:19:26.338 | INFO     | file_process.models.rag_service:embed_and_store_document:387 - [RAG] 章节 'c) 依据安装环境提供相应的初始化参数 配置值；' 切分为 1 个 chunks，开始 embedding...
2026-03-31 19:19:26.690 | INFO     | file_process.models.rag_service:embed_and_store_document:387 - [RAG] 章节 'd) 提供图形化软件组件管理向导工具' 切分为 1 个 chunks，开始 embedding...
2026-03-31 19:19:27.032 | INFO     | file_process.models.rag_service:embed_and_store_document:387 - [RAG] 章节 'a) 支持命令行或图形化的方式关闭和启 动服务；' 切分为 1 个 chunks，开始 embedding...
2026-03-31 19:19:27.376 | INFO     | file_process.models.rag_service:embed_and_store_document:387 - [RAG] 章节 'b) 关闭服务后，再启动服务，服务正常' 切分为 1 个 chunks，开始 embedding...
2026-03-31 19:19:27.754 | INFO     | file_process.models.rag_service:embed_and_store_document:387 - [RAG] 章节 'a) 提供软件安装的日志记录功能；' 切分为 1 个 chunks，开始 embedding...
2026-03-31 19:19:28.102 | INFO     | file_process.models.rag_service:embed_and_store_document:387 - [RAG] 章节 'b) 记录的软件安装信息完整正确；' 切分为 1 个 chunks，开始 embedding...
2026-03-31 19:19:28.448 | INFO     | file_process.models.rag_service:embed_and_store_document:387 - [RAG] 章节 'c) 提供安装配置操作的日志记录功能；' 切分为 1 个 chunks，开始 embedding...
2026-03-31 19:19:28.823 | INFO     | file_process.models.rag_service:embed_and_store_document:387 - [RAG] 章节 'd) 记录的配置操作信息完整正确' 切分为 1 个 chunks，开始 embedding...
2026-03-31 19:19:29.182 | INFO     | file_process.models.rag_service:embed_and_store_document:387 - [RAG] 章节 'a) 支持版本升级，保证版本间功能和数据的兼容性；' 切分为 1 个 chunks，开始 embedding...
2026-03-31 19:19:29.542 | INFO     | file_process.models.rag_service:embed_and_store_document:387 - [RAG] 章节 'b) 厂商提供当前版本与历史版本的差异说明文档，包含新版本对软件和硬件的支持情况' 切分为 1 个 chunks，开始 embedding...
2026-03-31 19:19:29.952 | INFO     | file_process.models.rag_service:embed_and_store_document:387 - [RAG] 章节 'a) 依据工作负载和运行环境，提供配置参 数修改的能力；' 切分为 1 个 chunks，开始 embedding...
2026-03-31 19:19:30.341 | INFO     | file_process.models.rag_service:embed_and_store_document:387 - [RAG] 章节 'b) 修改数据库配置参数后，配置参数立即生效或数据库重新启动生效，立即生效的配置' 切分为 1 个 chunks，开始 embedding...
2026-03-31 19:19:30.738 | INFO     | file_process.models.rag_service:embed_and_store_document:387 - [RAG] 章节 '▲兼容MySQL绝大部分语法和Oracle常用语法。' 切分为 1 个 chunks，开始 embedding...
2026-03-31 19:19:31.103 | INFO     | file_process.models.rag_service:embed_and_store_document:387 - [RAG] 章节 '▲支持 ORACLE 常用的基本的数据类型；支持 sequence；支持内连接、' 切分为 1 个 chunks，开始 embedding...
2026-03-31 19:19:31.506 | INFO     | file_process.models.rag_service:embed_and_store_document:387 - [RAG] 章节 '▲支持 ORACLE 分区表，分区策略包括 LIST/RANGE/HASH；' 切分为 1 个 chunks，开始 embedding...
2026-03-31 19:19:31.886 | INFO     | file_process.models.rag_service:embed_and_store_document:387 - [RAG] 章节 '▲支持两级分区表，分区策略支持 RANGE+HASH/HASH+RANGE;' 切分为 1 个 chunks，开始 embedding...
2026-03-31 19:19:32.264 | INFO     | file_process.models.rag_service:embed_and_store_document:387 - [RAG] 章节 '▲分区表支持主键、唯一键和全局索引。' 切分为 1 个 chunks，开始 embedding...
2026-03-31 19:19:32.625 | INFO     | file_process.models.rag_service:embed_and_store_document:387 - [RAG] 章节 '中文字符集符合GB18030的要求' 切分为 1 个 chunks，开始 embedding...
2026-03-31 19:19:33.170 | INFO     | file_process.models.rag_service:embed_and_store_document:387 - [RAG] 章节 '■为满足统计分析需要，投标数据库产品需支持 ORACLE 下列常用的分析函数：（' 切分为 1 个 chunks，开始 embedding...
2026-03-31 19:19:33.627 | INFO     | file_process.models.rag_service:embed_and_store_document:387 - [RAG] 章节 '支持虚拟化部署或容器化部署等云化部署方式' 切分为 1 个 chunks，开始 embedding...
2026-03-31 19:19:33.976 | INFO     | file_process.models.rag_service:embed_and_store_document:387 - [RAG] 章节 '■支持 ORACLE 存储过程，在存储过程支持游标带参数、游标 fetch 操作' 切分为 1 个 chunks，开始 embedding...
2026-03-31 19:19:34.342 | INFO     | file_process.models.rag_service:embed_and_store_document:387 - [RAG] 章节 '支持 ORACLE Package 和 Package Body，里面需支持自定' 切分为 1 个 chunks，开始 embedding...
2026-03-31 19:19:34.685 | INFO     | file_process.models.rag_service:embed_and_store_document:387 - [RAG] 章节 '▲产品兼容 ORACLE 11g或者以上版本主要功能，并将 ORACLE 以后版' 切分为 1 个 chunks，开始 embedding...
2026-03-31 19:19:35.065 | INFO     | file_process.models.rag_service:embed_and_store_document:387 - [RAG] 章节 '▲投标产品需承诺会长期兼容 ORACLE 11g或者以上版本 以及以后版本的功能' 切分为 1 个 chunks，开始 embedding...
2026-03-31 19:19:35.412 | INFO     | file_process.models.rag_service:embed_and_store_document:387 - [RAG] 章节 '▲产品需同时兼容 MySQL 主要 的SQL 语法。包含表、视图、索引、分区表、' 切分为 3 个 chunks，开始 embedding...
2026-03-31 19:19:36.837 | INFO     | file_process.models.rag_service:embed_and_store_document:387 - [RAG] 章节 '支持将一个大数据表数据水平拆分到所有节点。' 切分为 1 个 chunks，开始 embedding...
2026-03-31 19:19:38.143 | INFO     | file_process.models.rag_service:embed_and_store_document:387 - [RAG] 章节 '支持不带拆分键的查询，支持跨节点查询大表的数据，支持三个分区表' 切分为 1 个 chunks，开始 embedding...
2026-03-31 19:19:38.505 | INFO     | file_process.models.rag_service:embed_and_store_document:387 - [RAG] 章节 '支持将非拆分表数据复制到所有节点上，并跟拆分表进行表关联，消除跨节点请求。' 切分为 1 个 chunks，开始 embedding...
2026-03-31 19:19:39.052 | INFO     | file_process.models.rag_service:embed_and_store_document:387 - [RAG] 章节 '★支持多租户能力，数据库产品的单实例可以同时支持Mysql和Oracle语法。' 切分为 1 个 chunks，开始 embedding...
2026-03-31 19:19:39.408 | INFO     | file_process.models.rag_service:embed_and_store_document:387 - [RAG] 章节 '支持不带拆分键的更新，支持事务跨越多个节点，该事务必须是强一致的分布式事务。' 切分为 1 个 chunks，开始 embedding...
2026-03-31 19:19:39.914 | INFO     | file_process.models.rag_service:embed_and_store_document:387 - [RAG] 章节 '▲支持集群在线扩容和缩容，在线扩容和缩容过程中支持数据自动负载均衡，数据迁移过程' 切分为 1 个 chunks，开始 embedding...
2026-03-31 19:19:40.669 | INFO     | file_process.models.rag_service:embed_and_store_document:387 - [RAG] 章节 '实际最大在线节点规模，提供国际权威证明实际案例最大集群规模数（不少于1000台）' 切分为 1 个 chunks，开始 embedding...
2026-03-31 19:19:41.026 | INFO     | file_process.models.rag_service:embed_and_store_document:387 - [RAG] 章节 'a) 支持集群的运行环境；' 切分为 1 个 chunks，开始 embedding...
2026-03-31 19:19:41.359 | INFO     | file_process.models.rag_service:embed_and_store_document:387 - [RAG] 章节 'b) 支持创建并配置数据库集群；' 切分为 1 个 chunks，开始 embedding...
2026-03-31 19:19:41.693 | INFO     | file_process.models.rag_service:embed_and_store_document:387 - [RAG] 章节 'c) 配置信息至少包括日常运维管理、容灾 管理、日志管理、备份管理、监控等' 切分为 1 个 chunks，开始 embedding...
2026-03-31 19:19:42.058 | INFO     | file_process.models.rag_service:embed_and_store_document:387 - [RAG] 章节 'a) 支持自动数据分布；' 切分为 1 个 chunks，开始 embedding...
2026-03-31 19:19:42.691 | INFO     | file_process.models.rag_service:embed_and_store_document:387 - [RAG] 章节 'b) 按照指定规则设置数据分布' 切分为 1 个 chunks，开始 embedding...
2026-03-31 19:19:43.409 | INFO     | file_process.models.rag_service:embed_and_store_document:387 - [RAG] 章节 '支持在分布式节点上的并行计算' 切分为 2 个 chunks，开始 embedding...
2026-03-31 19:19:44.401 | INFO     | file_process.models.rag_service:embed_and_store_document:387 - [RAG] 章节 'a) 支持在线扩容、缩容；' 切分为 1 个 chunks，开始 embedding...
2026-03-31 19:19:45.085 | INFO     | file_process.models.rag_service:embed_and_store_document:387 - [RAG] 章节 'b) 集群扩容、缩容过程中支持分布式事务 ACID 特性' 切分为 1 个 chunks，开始 embedding...
2026-03-31 19:19:45.770 | INFO     | file_process.models.rag_service:embed_and_store_document:387 - [RAG] 章节 '支持按照数据库集群的节点、状态和负载 的变化，进行动态重分布' 切分为 1 个 chunks，开始 embedding...
2026-03-31 19:19:46.334 | INFO     | file_process.models.rag_service:embed_and_store_document:387 - [RAG] 章节 '当数据分布、分布计算、集群扩展、数据 重分布等变化时，不需要修改应用代码' 切分为 1 个 chunks，开始 embedding...
2026-03-31 19:19:46.936 | INFO     | file_process.models.rag_service:embed_and_store_document:387 - [RAG] 章节 '支持在集群环境下，事务并行执行' 切分为 2 个 chunks，开始 embedding...
2026-03-31 19:19:48.062 | INFO     | file_process.models.rag_service:embed_and_store_document:387 - [RAG] 章节 'a) 支持连续稳定运行；' 切分为 1 个 chunks，开始 embedding...
2026-03-31 19:19:49.163 | INFO     | file_process.models.rag_service:embed_and_store_document:387 - [RAG] 章节 'b) 支持数据库管理系统运行风险的报警 能力' 切分为 1 个 chunks，开始 embedding...
2026-03-31 19:19:49.492 | INFO     | file_process.models.rag_service:embed_and_store_document:387 - [RAG] 章节 '▲投标产品支持数据多副本，至少三副本。多副本之间是强同步。主副本故障后能自动切换' 切分为 1 个 chunks，开始 embedding...
2026-03-31 19:19:49.867 | INFO     | file_process.models.rag_service:embed_and_store_document:387 - [RAG] 章节 '▲多副本的强同步要保证每个备副本最终都具备切换为主副本的能力。不管哪个副本的故障' 切分为 2 个 chunks，开始 embedding...
2026-03-31 19:19:50.851 | INFO     | file_process.models.rag_service:embed_and_store_document:387 - [RAG] 章节 '■投标产品支持故障机器恢复后，自动恢复到故障前的稳定状态，不需要运维介入数据迁移' 切分为 2 个 chunks，开始 embedding...
2026-03-31 19:19:51.854 | INFO     | file_process.models.rag_service:embed_and_store_document:387 - [RAG] 章节 '■机器故障后再修复好了重新加入集群后，集群里数据能继续维持三副本并保持强同步。故' 切分为 1 个 chunks，开始 embedding...
2026-03-31 19:19:53.162 | INFO     | file_process.models.rag_service:embed_and_store_document:387 - [RAG] 章节 '■投标产品支持多机房部署并支持异地多活和容灾能力。' 切分为 1 个 chunks，开始 embedding...
2026-03-31 19:19:53.868 | INFO     | file_process.models.rag_service:embed_and_store_document:387 - [RAG] 章节 '投标产品可以跨机房跨城市部署，且依然具备前面高可用要求。多机房部署时能灵活在主备' 切分为 3 个 chunks，开始 embedding...
2026-03-31 19:19:55.442 | INFO     | file_process.models.rag_service:embed_and_store_document:387 - [RAG] 章节 '■TPC-C 测试数据规格在 5000 万仓以上，稳定运行不低于 8 小时，测试' 切分为 1 个 chunks，开始 embedding...
2026-03-31 19:19:56.719 | INFO     | file_process.models.rag_service:embed_and_store_document:387 - [RAG] 章节 '▲投标产品在测试 OLTP 性能过程中，需要稳定运行不低于 8 小时。期间性能指' 切分为 1 个 chunks，开始 embedding...
2026-03-31 19:19:57.080 | INFO     | file_process.models.rag_service:embed_and_store_document:387 - [RAG] 章节 '▲提供一套自动化运维平台，能同时管理多套数据库集群。提供可信的平台在大企业使用案' 切分为 1 个 chunks，开始 embedding...
2026-03-31 19:19:57.468 | INFO     | file_process.models.rag_service:embed_and_store_document:387 - [RAG] 章节 '▲数据库运维自动化水平高，有 web 图形化界面，支持任务流模式，能将运维任务切' 切分为 1 个 chunks，开始 embedding...
2026-03-31 19:19:58.106 | INFO     | file_process.models.rag_service:embed_and_store_document:387 - [RAG] 章节 '★支持创建多租户（实例），租户可以选择兼容 ORACLE 或 MySQL，租户可' 切分为 1 个 chunks，开始 embedding...
2026-03-31 19:19:58.519 | INFO     | file_process.models.rag_service:embed_and_store_document:387 - [RAG] 章节 '▲运维平台有高可用，元数据库有三副本强同步，可以跨机房部署，有多活能力。需提供方' 切分为 1 个 chunks，开始 embedding...
2026-03-31 19:19:59.261 | INFO     | file_process.models.rag_service:embed_and_store_document:387 - [RAG] 章节 '▲支持分布式数据库备份，包括全量备份，日志备份和实时的增量备份。支持恢复到任意时' 切分为 1 个 chunks，开始 embedding...
2026-03-31 19:19:59.669 | INFO     | file_process.models.rag_service:embed_and_store_document:387 - [RAG] 章节 '▲投标产品支持数据库表和实例(租户）误删除后的手动快速闪回恢复。' 切分为 1 个 chunks，开始 embedding...
2026-03-31 19:20:00.172 | INFO     | file_process.models.rag_service:embed_and_store_document:387 - [RAG] 章节 '▲数据表和实例的快速闪回是为了规避开发运维误操作。需提供方案原理和截图说明。' 切分为 1 个 chunks，开始 embedding...
2026-03-31 19:20:00.653 | INFO     | file_process.models.rag_service:embed_and_store_document:387 - [RAG] 章节 '■支持视图查看数据库全量 SQL（运行的所有 SQL），能根据客户端 IP、用户' 切分为 1 个 chunks，开始 embedding...
2026-03-31 19:20:01.149 | INFO     | file_process.models.rag_service:embed_and_store_document:387 - [RAG] 章节 '▲支持 SQL Hint;支持 Outline 绑定，在线修改执行计划、备份和还' 切分为 5 个 chunks，开始 embedding...
2026-03-31 19:20:03.206 | INFO     | file_process.models.rag_service:embed_and_store_document:387 - [RAG] 章节 '1 row in set (0.00 sec)' 切分为 2 个 chunks，开始 embedding...
2026-03-31 19:20:04.157 | INFO     | file_process.models.rag_service:embed_and_store_document:387 - [RAG] 章节 '▲支持 SQL 限流功能。对于新上线业务的重大问题 SQL在应用来不及调整的情况' 切分为 2 个 chunks，开始 embedding...
2026-03-31 19:20:05.206 | INFO     | file_process.models.rag_service:embed_and_store_document:387 - [RAG] 章节 '▲拥有自主知识产权，能够保障后 续产品的连续性。' 切分为 1 个 chunks，开始 embedding...
2026-03-31 19:20:06.474 | INFO     | file_process.models.rag_service:embed_and_store_document:387 - [RAG] 章节 '支持分配集中式数据库实例，集中式数据库实例支持以单机、主从高可用架构部署' 切分为 1 个 chunks，开始 embedding...
2026-03-31 19:20:06.826 | INFO     | file_process.models.rag_service:embed_and_store_document:387 - [RAG] 章节 '支持通用 x86(Intel、海光等)服 务器和 ARM(鲲鹏、飞腾等)服务器。' 切分为 1 个 chunks，开始 embedding...
2026-03-31 19:20:07.188 | INFO     | file_process.models.rag_service:embed_and_store_document:387 - [RAG] 章节 'BCLINUX，TcentOS Redhat、银河麒麟' 切分为 1 个 chunks，开始 embedding...
2026-03-31 19:20:07.532 | INFO     | file_process.models.rag_service:embed_and_store_document:387 - [RAG] 章节 '具备 OLAP与OLTP 能力，支持 Shared-Nothing 的 MPP ' 切分为 1 个 chunks，开始 embedding...
2026-03-31 19:20:07.893 | INFO     | file_process.models.rag_service:embed_and_store_document:387 - [RAG] 章节 '▲数据库的计算节点、存储节点可以混合部署在同一台服务器中；不同配置的服务器可以部' 切分为 1 个 chunks，开始 embedding...
2026-03-31 19:20:08.236 | INFO     | file_process.models.rag_service:embed_and_store_document:387 - [RAG] 章节 '▲最少3台（物理或虚拟的）服务器，即可部署包括完整可视化调度管控、并具备高可用自' 切分为 1 个 chunks，开始 embedding...
2026-03-31 19:20:08.585 | INFO     | file_process.models.rag_service:embed_and_store_document:387 - [RAG] 章节 '支持数据库高并发读写能力。' 切分为 1 个 chunks，开始 embedding...
2026-03-31 19:20:08.958 | INFO     | file_process.models.rag_service:embed_and_store_document:387 - [RAG] 章节 '500 仓数据 按照 16 分片创建分区表和 2set 分片' 切分为 1 个 chunks，开始 embedding...
2026-03-31 19:20:09.328 | INFO     | file_process.models.rag_service:embed_and_store_document:387 - [RAG] 章节 '■进行基本的增删改查操作，查看结果。新建包含blob和clob类型的列存数据表及' 切分为 1 个 chunks，开始 embedding...
2026-03-31 19:20:09.723 | INFO     | file_process.models.rag_service:embed_and_store_document:387 - [RAG] 章节 '支持全局事务一致性，数据库事务特性 支持读已提交 / 事务可重复读 两种隔离级。' 切分为 1 个 chunks，开始 embedding...
2026-03-31 19:20:10.075 | INFO     | file_process.models.rag_service:embed_and_store_document:387 - [RAG] 章节 '支持回滚操作' 切分为 1 个 chunks，开始 embedding...
2026-03-31 19:20:10.367 | INFO     | file_process.models.rag_service:embed_and_store_document:387 - [RAG] 章节 '支持ACID能力' 切分为 1 个 chunks，开始 embedding...
2026-03-31 19:20:10.666 | INFO     | file_process.models.rag_service:embed_and_store_document:387 - [RAG] 章节 '读已提交（Read Committed），Repeatable Read 可重复' 切分为 1 个 chunks，开始 embedding...
2026-03-31 19:20:11.077 | INFO     | file_process.models.rag_service:embed_and_store_document:387 - [RAG] 章节 '支持单集群不少于 1000 节点集群 规模。' 切分为 1 个 chunks，开始 embedding...
2026-03-31 19:20:11.425 | INFO     | file_process.models.rag_service:embed_and_store_document:387 - [RAG] 章节 '支持在线扩容，扩容过程中数据持续可查询(包括正在数据重分布的表)。' 切分为 1 个 chunks，开始 embedding...
2026-03-31 19:20:11.944 | INFO     | file_process.models.rag_service:embed_and_store_document:387 - [RAG] 章节 '■支持用户通过指定方式干预执行 计划，例如支持 Plan hint，支持 用户添' 切分为 2 个 chunks，开始 embedding...
2026-03-31 19:20:12.857 | INFO     | file_process.models.rag_service:embed_and_store_document:387 - [RAG] 章节 '支持自适应负载:无需调整全局内存参数，高并发、高负载情况下能够保证作业运行。' 切分为 1 个 chunks，开始 embedding...
2026-03-31 19:20:14.146 | INFO     | file_process.models.rag_service:embed_and_store_document:387 - [RAG] 章节 '■故障恢复:集群管理软件实时监控服务状态，对故障实例能够自动拉起或者进行自动主备' 切分为 1 个 chunks，开始 embedding...
2026-03-31 19:20:14.484 | INFO     | file_process.models.rag_service:embed_and_store_document:387 - [RAG] 章节 '集群内高可用-支持数据主备两副 本高可用设计，支持节点故障后 持续运行且无单点失' 切分为 1 个 chunks，开始 embedding...
2026-03-31 19:20:14.918 | INFO     | file_process.models.rag_service:embed_and_store_document:387 - [RAG] 章节 '支持表级逻辑数据备份与恢复。' 切分为 1 个 chunks，开始 embedding...
2026-03-31 19:20:15.390 | INFO     | file_process.models.rag_service:embed_and_store_document:387 - [RAG] 章节 '▲支持 SQL 2003 标准。支持 Merge into 语法、upsert ' 切分为 3 个 chunks，开始 embedding...
2026-03-31 19:20:16.471 | INFO     | file_process.models.rag_service:embed_and_store_document:387 - [RAG] 章节 '支持标准的 ODBC、JDBC 接口。' 切分为 5 个 chunks，开始 embedding...
2026-03-31 19:20:18.226 | INFO     | file_process.models.rag_service:embed_and_store_document:387 - [RAG] 章节 '■兼容 MySQL、Oracle 常用语法，可以在创建库指定兼容模式。' 切分为 1 个 chunks，开始 embedding...
2026-03-31 19:20:19.441 | INFO     | file_process.models.rag_service:embed_and_store_document:387 - [RAG] 章节 '★高度兼容MySQL/MariaDB协议和语法。' 切分为 1 个 chunks，开始 embedding...
2026-03-31 19:20:19.763 | INFO     | file_process.models.rag_service:embed_and_store_document:387 - [RAG] 章节 '兼容DB2的语法' 切分为 1 个 chunks，开始 embedding...
2026-03-31 19:20:20.088 | INFO     | file_process.models.rag_service:embed_and_store_document:387 - [RAG] 章节 '兼容其数据类型（含JSON数据类型），兼容主流函数，兼容字符集（含国家强制性认证' 切分为 1 个 chunks，开始 embedding...
2026-03-31 19:20:20.579 | INFO     | file_process.models.rag_service:embed_and_store_document:387 - [RAG] 章节 '兼容语言结构，兼容DDL，DML，DCL语句语法，兼容JOIN和子查询，兼容事务' 切分为 4 个 chunks，开始 embedding...
2026-03-31 19:20:22.242 | INFO     | file_process.models.rag_service:embed_and_store_document:387 - [RAG] 章节 '▲兼容Oracle Rowid功能。' 切分为 1 个 chunks，开始 embedding...
2026-03-31 19:20:23.562 | INFO     | file_process.models.rag_service:embed_and_store_document:387 - [RAG] 章节 '支持使用TOP子句进行数据分页查询。' 切分为 1 个 chunks，开始 embedding...
2026-03-31 19:20:24.959 | INFO     | file_process.models.rag_service:embed_and_store_document:387 - [RAG] 章节 '字段大小写支持不敏感' 切分为 1 个 chunks，开始 embedding...
2026-03-31 19:20:25.317 | INFO     | file_process.models.rag_service:embed_and_store_document:387 - [RAG] 章节 '支持 C UDF，避免不合理的 UDF 运行导致系统宕机。' 切分为 1 个 chunks，开始 embedding...
2026-03-31 19:20:25.655 | INFO     | file_process.models.rag_service:embed_and_store_document:387 - [RAG] 章节 '支持触发器 Trigger。' 切分为 1 个 chunks，开始 embedding...
2026-03-31 19:20:26.057 | INFO     | file_process.models.rag_service:embed_and_store_document:387 - [RAG] 章节 '支持全局 Sequence。' 切分为 1 个 chunks，开始 embedding...
2026-03-31 19:20:26.427 | INFO     | file_process.models.rag_service:embed_and_store_document:387 - [RAG] 章节 '支持 JOB。' 切分为 1 个 chunks，开始 embedding...
2026-03-31 19:20:26.818 | INFO     | file_process.models.rag_service:embed_and_store_document:387 - [RAG] 章节 '支持 PL/SQL 存储过程和自定义函 数(UDF)。' 切分为 2 个 chunks，开始 embedding...
2026-03-31 19:20:27.727 | INFO     | file_process.models.rag_service:embed_and_store_document:387 - [RAG] 章节 '支持 Session 级临时表。' 切分为 1 个 chunks，开始 embedding...
2026-03-31 19:20:28.197 | INFO     | file_process.models.rag_service:embed_and_store_document:387 - [RAG] 章节 '支持常用 OLAP 分析函数，例如 RANK()、ROW_NUMBER()、DE' 切分为 27 个 chunks，开始 embedding...
2026-03-31 19:20:39.764 | INFO     | file_process.models.rag_service:embed_and_store_document:387 - [RAG] 章节 '支持group by、min、max、sum、count、avg聚合函数。' 切分为 3 个 chunks，开始 embedding...
2026-03-31 19:20:40.900 | INFO     | file_process.models.rag_service:embed_and_store_document:387 - [RAG] 章节 'UTF-8支持。' 切分为 2 个 chunks，开始 embedding...
2026-03-31 19:20:42.377 | INFO     | file_process.models.rag_service:embed_and_store_document:387 - [RAG] 章节 '创建视图、删除视图。删除视图原表重建。修改视图，查看视图原表数据。设置物化视图，' 切分为 3 个 chunks，开始 embedding...
2026-03-31 19:20:43.529 | INFO     | file_process.models.rag_service:embed_and_store_document:387 - [RAG] 章节 '支持 Range 分区:分区键支持整 型、字符型、时间型等数据类型;' 切分为 1 个 chunks，开始 embedding...
2026-03-31 19:20:45.034 | INFO     | file_process.models.rag_service:embed_and_store_document:387 - [RAG] 章节 '支持完善的分区管理:分区 drop、add、truncate、merge。' 切分为 1 个 chunks，开始 embedding...
2026-03-31 19:20:45.407 | INFO     | file_process.models.rag_service:embed_and_store_document:387 - [RAG] 章节 '节点故障高可用。' 切分为 1 个 chunks，开始 embedding...
2026-03-31 19:20:45.841 | INFO     | file_process.models.rag_service:embed_and_store_document:387 - [RAG] 章节 '容灾HA切换。' 切分为 1 个 chunks，开始 embedding...
2026-03-31 19:20:46.240 | INFO     | file_process.models.rag_service:embed_and_store_document:387 - [RAG] 章节 '▲扩容期间可读。' 切分为 2 个 chunks，开始 embedding...
2026-03-31 19:20:47.127 | INFO     | file_process.models.rag_service:embed_and_store_document:387 - [RAG] 章节 '提供多租户管理模式,每个租户管理自己租户下的数据库.' 切分为 1 个 chunks，开始 embedding...
2026-03-31 19:20:48.385 | INFO     | file_process.models.rag_service:embed_and_store_document:387 - [RAG] 章节 '▲支持多租户管理:租户间 CPU、 内存、IO 等资源隔离，相互不干扰。' 切分为 2 个 chunks，开始 embedding...
2026-03-31 19:20:49.375 | INFO     | file_process.models.rag_service:embed_and_store_document:387 - [RAG] 章节 '■支持负载均衡:主节点/协调节点 为多活设计，具有负载均衡能力 或者通过第三方软' 切分为 1 个 chunks，开始 embedding...
2026-03-31 19:20:50.832 | INFO     | file_process.models.rag_service:embed_and_store_document:387 - [RAG] 章节 '支持优先级调度:支持并发度控制、支持业务优先级自定义。' 切分为 1 个 chunks，开始 embedding...
2026-03-31 19:20:51.195 | INFO     | file_process.models.rag_service:embed_and_store_document:387 - [RAG] 章节 '多集群管理，资源物理隔离，不同集群访问内容相互独立' 切分为 1 个 chunks，开始 embedding...
2026-03-31 19:20:51.539 | INFO     | file_process.models.rag_service:embed_and_store_document:387 - [RAG] 章节 '集群资源管理可独立' 切分为 1 个 chunks，开始 embedding...
2026-03-31 19:20:51.860 | INFO     | file_process.models.rag_service:embed_and_store_document:387 - [RAG] 章节 '▲支持精细化访问权限控制能力， 提供四种(数据库、Schema、表级)用户权限级' 切分为 1 个 chunks，开始 embedding...
2026-03-31 19:20:52.278 | INFO     | file_process.models.rag_service:embed_and_store_document:387 - [RAG] 章节 '支持服务端和客户端之间通过 SSL 连接进行数据传输;应用进行 JDBC、ODB' 切分为 3 个 chunks，开始 embedding...
2026-03-31 19:20:53.741 | INFO     | file_process.models.rag_service:embed_and_store_document:387 - [RAG] 章节 '内置安全函数，对数据透明加密。 内置 AES128，AES192，AES256S' 切分为 5 个 chunks，开始 embedding...
2026-03-31 19:20:55.742 | INFO     | file_process.models.rag_service:embed_and_store_document:387 - [RAG] 章节 '6 |      4 | SM4            |           ' 切分为 3 个 chunks，开始 embedding...
2026-03-31 19:20:56.933 | INFO     | file_process.models.rag_service:embed_and_store_document:387 - [RAG] 章节 '50343 | -32767 |            1 |   1663 |' 切分为 1 个 chunks，开始 embedding...
2026-03-31 19:20:58.276 | INFO     | file_process.models.rag_service:embed_and_store_document:387 - [RAG] 章节 '111 |   1111 | 1234567890 | this is CV |' 切分为 1 个 chunks，开始 embedding...
2026-03-31 19:20:58.658 | INFO     | file_process.models.rag_service:embed_and_store_document:387 - [RAG] 章节 '111 |   1111 | 1234567890 | TBase  | Thi' 切分为 5 个 chunks，开始 embedding...
2026-03-31 19:21:00.403 | INFO     | file_process.models.rag_service:embed_and_store_document:387 - [RAG] 章节 '50355 |      2 |            1 |   1663 |' 切分为 1 个 chunks，开始 embedding...
2026-03-31 19:21:00.932 | INFO     | file_process.models.rag_service:embed_and_store_document:387 - [RAG] 章节 '111 |   1111 | 1234567890 | this is CV |' 切分为 1 个 chunks，开始 embedding...
2026-03-31 19:21:01.794 | INFO     | file_process.models.rag_service:embed_and_store_document:387 - [RAG] 章节 '111 |   1111 | 1234567890 | TBase  | Thi' 切分为 1 个 chunks，开始 embedding...
2026-03-31 19:21:02.124 | INFO     | file_process.models.rag_service:embed_and_store_document:387 - [RAG] 章节 '▲支持三权分立及数据库审计，提供用户登录注销审计、数据库启停审计、用户锁定解锁审' 切分为 2 个 chunks，开始 embedding...
2026-03-31 19:21:03.014 | INFO     | file_process.models.rag_service:embed_and_store_document:387 - [RAG] 章节 '支持用户自定义审计日志保存策略，支持按照保存时间和大小两种配置方式。' 切分为 1 个 chunks，开始 embedding...
2026-03-31 19:21:03.645 | INFO     | file_process.models.rag_service:embed_and_store_document:387 - [RAG] 章节 'SQL审计' 切分为 1 个 chunks，开始 embedding...
2026-03-31 19:21:03.977 | INFO     | file_process.models.rag_service:embed_and_store_document:387 - [RAG] 章节 '软件授权只针对数据节点，支持对物理机节点授权,不限定cpu.。' 切分为 1 个 chunks，开始 embedding...
2026-03-31 19:21:04.356 | INFO     | file_process.models.rag_service:embed_and_store_document:387 - [RAG] 章节 '提供将数据库定时备份到指定存储位置的能力，备份方案支持物理备份、逻辑备份、增量备' 切分为 1 个 chunks，开始 embedding...
2026-03-31 19:21:04.721 | INFO     | file_process.models.rag_service:embed_and_store_document:387 - [RAG] 章节 '支持采用哈希、复制方式存储策略实现数据均匀分布；' 切分为 1 个 chunks，开始 embedding...
2026-03-31 19:21:05.137 | INFO     | file_process.models.rag_service:embed_and_store_document:387 - [RAG] 章节 '支持多节点间统计信息自动传递、自动收集；' 切分为 1 个 chunks，开始 embedding...
2026-03-31 19:21:05.506 | INFO     | file_process.models.rag_service:embed_and_store_document:387 - [RAG] 章节 '支持物理日志复制方式的主备机高可用，支持一主多备配置方式；' 切分为 1 个 chunks，开始 embedding...
2026-03-31 19:21:05.909 | INFO     | file_process.models.rag_service:embed_and_store_document:387 - [RAG] 章节 '支持备机可读能力，从而支持读写分离控制；' 切分为 1 个 chunks，开始 embedding...
2026-03-31 19:21:06.239 | INFO     | file_process.models.rag_service:embed_and_store_document:387 - [RAG] 章节 '支持存储、加载、读取XML、UUID、JSON等复杂类型的数据；' 切分为 1 个 chunks，开始 embedding...
2026-03-31 19:21:06.588 | INFO     | file_process.models.rag_service:embed_and_store_document:387 - [RAG] 章节 '支持数据库基于时间点的恢复；' 切分为 1 个 chunks，开始 embedding...
2026-03-31 19:21:06.933 | INFO     | file_process.models.rag_service:embed_and_store_document:387 - [RAG] 章节 '支持数据库在线扩容,扩容步长可以1个节点,2个节点等多种步长' 切分为 1 个 chunks，开始 embedding...
2026-03-31 19:21:07.323 | INFO     | file_process.models.rag_service:embed_and_store_document:387 - [RAG] 章节 '支持Oracle高级对象的兼容能力,package(DBMS_OUTPUT、DB' 切分为 1 个 chunks，开始 embedding...
2026-03-31 19:21:07.698 | INFO     | file_process.models.rag_service:embed_and_store_document:387 - [RAG] 章节 '支持在线版本升级' 切分为 1 个 chunks，开始 embedding...
2026-03-31 19:21:08.062 | INFO     | file_process.models.rag_service:embed_and_store_document:387 - [RAG] 章节 '支持运维平台分片一扩二的能力,减低运维难度' 切分为 1 个 chunks，开始 embedding...
2026-03-31 19:21:08.417 | INFO     | file_process.models.rag_service:embed_and_store_document:387 - [RAG] 章节 '★可灵活扩展，最小扩展规模可为1台服务器' 切分为 1 个 chunks，开始 embedding...
2026-03-31 19:21:08.807 | INFO     | file_process.models.rag_service:embed_and_store_document:387 - [RAG] 章节 '★具备免切换机制，当数据库压力较大（或可预判数据库压力较大）时，可设置禁止主备切' 切分为 1 个 chunks，开始 embedding...
2026-03-31 19:21:09.184 | INFO     | file_process.models.rag_service:embed_and_store_document:387 - [RAG] 章节 '★可灵活配置（1主N备),N=2,3,4,5' 切分为 1 个 chunks，开始 embedding...
2026-03-31 19:21:09.528 | INFO     | file_process.models.rag_service:embed_and_store_document:387 - [RAG] 章节 '★内核支持三权分立的体系，提供数据透明加密，数据脱敏访问，强制访问控制等多个层级' 切分为 1 个 chunks，开始 embedding...
2026-03-31 19:21:09.906 | INFO     | file_process.models.rag_service:embed_and_store_document:387 - [RAG] 章节 '支持数据库系统各节点状态信息的统一展示，当某节点出现状态异常时，运维管理平台能够' 切分为 1 个 chunks，开始 embedding...
2026-03-31 19:21:10.293 | INFO     | file_process.models.rag_service:embed_and_store_document:387 - [RAG] 章节 '支持实时告警，支持历史告警查询，告警管理能力支持比如：告警级别的修改、告警阈值的' 切分为 1 个 chunks，开始 embedding...
2026-03-31 19:21:10.680 | INFO     | file_process.models.rag_service:embed_and_store_document:387 - [RAG] 章节 '支持定时备份能力，支持在线全量备份能力，支持在线增量备份能力，支持实时备份能力，' 切分为 1 个 chunks，开始 embedding...
2026-03-31 19:21:11.066 | INFO     | file_process.models.rag_service:embed_and_store_document:387 - [RAG] 章节 '支持在线DDL，对数据库的表在线修改表结构，修改表结构可不锁表' 切分为 1 个 chunks，开始 embedding...
2026-03-31 19:21:11.433 | INFO     | file_process.models.rag_service:embed_and_store_document:387 - [RAG] 章节 '支持在在控制台上配置数据库参数' 切分为 1 个 chunks，开始 embedding...
2026-03-31 19:21:11.751 | INFO     | file_process.models.rag_service:embed_and_store_document:387 - [RAG] 章节 '支持对不同账号分配不同角色，不同角色可以承担不同权限，如财务，运维，超级管理员等' 切分为 1 个 chunks，开始 embedding...
2026-03-31 19:21:12.163 | INFO     | file_process.models.rag_service:embed_and_store_document:387 - [RAG] 章节 '支持性能检测工具，对数据库实例进行完整性能评估，以协助DBA优化。支持性能分析工' 切分为 1 个 chunks，开始 embedding...
2026-03-31 19:21:12.530 | INFO     | file_process.models.rag_service:embed_and_store_document:387 - [RAG] 章节 '支持资源灵活调度，当资源空闲时，能最大化使用分布式数据库平台资源，可以通过控制台' 切分为 1 个 chunks，开始 embedding...
2026-03-31 19:21:12.934 | INFO     | file_process.models.rag_service:embed_and_store_document:387 - [RAG] 章节 '腾讯云数据库 TDSQL 简介' 切分为 3 个 chunks，开始 embedding...
2026-03-31 19:21:14.513 | INFO     | file_process.models.rag_service:embed_and_store_document:387 - [RAG] 章节 'TDSQL系统总览' 切分为 3 个 chunks，开始 embedding...
2026-03-31 19:21:16.098 | INFO     | file_process.models.rag_service:embed_and_store_document:387 - [RAG] 章节 'TDSQL核心架构模块' 切分为 1 个 chunks，开始 embedding...
2026-03-31 19:21:17.592 | INFO     | file_process.models.rag_service:embed_and_store_document:387 - [RAG] 章节 'TDSQL系统架构' 切分为 2 个 chunks，开始 embedding...
2026-03-31 19:21:18.831 | INFO     | file_process.models.rag_service:embed_and_store_document:387 - [RAG] 章节 'TDSQL产品组件简介' 切分为 1 个 chunks，开始 embedding...
2026-03-31 19:21:20.174 | INFO     | file_process.models.rag_service:embed_and_store_document:387 - [RAG] 章节 '概述' 切分为 1 个 chunks，开始 embedding...
2026-03-31 19:21:20.602 | INFO     | file_process.models.rag_service:embed_and_store_document:387 - [RAG] 章节 '综述' 切分为 1 个 chunks，开始 embedding...
2026-03-31 19:21:20.999 | INFO     | file_process.models.rag_service:embed_and_store_document:387 - [RAG] 章节 '内部人员、系统身份鉴别' 切分为 1 个 chunks，开始 embedding...
2026-03-31 19:21:21.531 | INFO     | file_process.models.rag_service:embed_and_store_document:387 - [RAG] 章节 '内部人员、系统访问控制' 切分为 1 个 chunks，开始 embedding...
2026-03-31 19:21:21.978 | INFO     | file_process.models.rag_service:embed_and_store_document:387 - [RAG] 章节 '内部安全审计' 切分为 1 个 chunks，开始 embedding...
2026-03-31 19:21:22.546 | INFO     | file_process.models.rag_service:embed_and_store_document:387 - [RAG] 章节 '内部入侵防范' 切分为 1 个 chunks，开始 embedding...
2026-03-31 19:21:22.998 | INFO     | file_process.models.rag_service:embed_and_store_document:387 - [RAG] 章节 '备份与恢复' 切分为 1 个 chunks，开始 embedding...
2026-03-31 19:21:23.387 | INFO     | file_process.models.rag_service:embed_and_store_document:387 - [RAG] 章节 '客体安全重用' 切分为 1 个 chunks，开始 embedding...
2026-03-31 19:21:23.805 | INFO     | file_process.models.rag_service:embed_and_store_document:387 - [RAG] 章节 '抗抵赖' 切分为 1 个 chunks，开始 embedding...
2026-03-31 19:21:24.209 | INFO     | file_process.models.rag_service:embed_and_store_document:387 - [RAG] 章节 '负载均衡策略' 切分为 2 个 chunks，开始 embedding...
2026-03-31 19:21:25.363 | INFO     | file_process.models.rag_service:embed_and_store_document:387 - [RAG] 章节 'TDSQL选型概述' 切分为 1 个 chunks，开始 embedding...
2026-03-31 19:21:25.884 | INFO     | file_process.models.rag_service:embed_and_store_document:387 - [RAG] 章节 'TDSQL分片规格的选择' 切分为 1 个 chunks，开始 embedding...
2026-03-31 19:21:26.461 | INFO     | file_process.models.rag_service:embed_and_store_document:387 - [RAG] 章节 'TDSQL分片性能测试' 切分为 1 个 chunks，开始 embedding...
2026-03-31 19:21:27.040 | INFO     | file_process.models.rag_service:embed_and_store_document:387 - [RAG] 章节 '基准性能验证' 切分为 1 个 chunks，开始 embedding...
2026-03-31 19:21:27.420 | INFO     | file_process.models.rag_service:embed_and_store_document:387 - [RAG] 章节 '测试查询性能' 切分为 1 个 chunks，开始 embedding...
2026-03-31 19:21:27.805 | INFO     | file_process.models.rag_service:embed_and_store_document:387 - [RAG] 章节 '测试写入性能' 切分为 1 个 chunks，开始 embedding...
2026-03-31 19:21:28.161 | INFO     | file_process.models.rag_service:embed_and_store_document:387 - [RAG] 章节 '测试综合读写性能' 切分为 1 个 chunks，开始 embedding...
2026-03-31 19:21:28.555 | INFO     | file_process.models.rag_service:embed_and_store_document:387 - [RAG] 章节 '系统部署方案和灾备方案' 切分为 2 个 chunks，开始 embedding...
2026-03-31 19:21:29.678 | INFO     | file_process.models.rag_service:embed_and_store_document:387 - [RAG] 章节 '主生产系统同城双中心高可用设计' 切分为 2 个 chunks，开始 embedding...
2026-03-31 19:21:30.907 | INFO     | file_process.models.rag_service:embed_and_store_document:387 - [RAG] 章节 '数据库实例１主3备跨中心部署' 切分为 1 个 chunks，开始 embedding...
2026-03-31 19:21:32.360 | INFO     | file_process.models.rag_service:embed_and_store_document:387 - [RAG] 章节 '强同步可退化' 切分为 1 个 chunks，开始 embedding...
2026-03-31 19:21:32.836 | INFO     | file_process.models.rag_service:embed_and_store_document:387 - [RAG] 章节 'Proxy网关集群规划设计' 切分为 2 个 chunks，开始 embedding...
2026-03-31 19:21:33.788 | INFO     | file_process.models.rag_service:embed_and_store_document:387 - [RAG] 章节 '数据交换（数据同步、数据库迁移）规划设计' 切分为 2 个 chunks，开始 embedding...
2026-03-31 19:21:34.854 | INFO     | file_process.models.rag_service:embed_and_store_document:387 - [RAG] 章节 '数据库备份规划设计' 切分为 1 个 chunks，开始 embedding...
2026-03-31 19:21:36.084 | INFO     | file_process.models.rag_service:embed_and_store_document:387 - [RAG] 章节 '同城双中心主备部署架构方案' 切分为 2 个 chunks，开始 embedding...
2026-03-31 19:21:37.076 | INFO     | file_process.models.rag_service:embed_and_store_document:387 - [RAG] 章节 '同城双中心双活部署架构方案' 切分为 2 个 chunks，开始 embedding...
2026-03-31 19:21:38.104 | INFO     | file_process.models.rag_service:embed_and_store_document:387 - [RAG] 章节 '两地三中心异地灾备部署方案建议' 切分为 1 个 chunks，开始 embedding...
2026-03-31 19:21:39.184 | INFO     | file_process.models.rag_service:embed_and_store_document:387 - [RAG] 章节 '版本管理和控制' 切分为 1 个 chunks，开始 embedding...
2026-03-31 19:21:39.663 | INFO     | file_process.models.rag_service:embed_and_store_document:387 - [RAG] 章节 '系统运维管理及监控' 切分为 1 个 chunks，开始 embedding...
2026-03-31 19:21:40.149 | INFO     | file_process.models.rag_service:embed_and_store_document:387 - [RAG] 章节 '监控平台对接' 切分为 4 个 chunks，开始 embedding...
2026-03-31 19:21:42.464 | INFO     | file_process.models.rag_service:embed_and_store_document:387 - [RAG] 章节 '丰富的API接口' 切分为 1 个 chunks，开始 embedding...
2026-03-31 19:21:43.371 | INFO     | file_process.models.rag_service:embed_and_store_document:387 - [RAG] 章节 '运维监控管理工具' 切分为 2 个 chunks，开始 embedding...
2026-03-31 19:21:44.474 | INFO     | file_process.models.rag_service:embed_and_store_document:387 - [RAG] 章节 '实例管理' 切分为 1 个 chunks，开始 embedding...
2026-03-31 19:21:45.739 | INFO     | file_process.models.rag_service:embed_and_store_document:387 - [RAG] 章节 '系统监控与告警' 切分为 1 个 chunks，开始 embedding...
2026-03-31 19:21:46.161 | INFO     | file_process.models.rag_service:embed_and_store_document:387 - [RAG] 章节 '集群监控' 切分为 1 个 chunks，开始 embedding...
2026-03-31 19:21:46.522 | INFO     | file_process.models.rag_service:embed_and_store_document:387 - [RAG] 章节 'DB数据库实例监控' 切分为 1 个 chunks，开始 embedding...
2026-03-31 19:21:46.930 | INFO     | file_process.models.rag_service:embed_and_store_document:387 - [RAG] 章节 'SQL引擎监控与告警' 切分为 1 个 chunks，开始 embedding...
2026-03-31 19:21:47.332 | INFO     | file_process.models.rag_service:embed_and_store_document:387 - [RAG] 章节 '实例监控与告警' 切分为 1 个 chunks，开始 embedding...
2026-03-31 19:21:47.699 | INFO     | file_process.models.rag_service:embed_and_store_document:387 - [RAG] 章节 '汇总监控与告警' 切分为 1 个 chunks，开始 embedding...
2026-03-31 19:21:48.076 | INFO     | file_process.models.rag_service:embed_and_store_document:387 - [RAG] 章节 '自定义告警策略' 切分为 1 个 chunks，开始 embedding...
2026-03-31 19:21:48.405 | INFO     | file_process.models.rag_service:embed_and_store_document:387 - [RAG] 章节 '多种告警策略与方式' 切分为 1 个 chunks，开始 embedding...
2026-03-31 19:21:48.942 | INFO     | file_process.models.rag_service:embed_and_store_document:387 - [RAG] 章节 '组件状态监控与告警' 切分为 1 个 chunks，开始 embedding...
2026-03-31 19:21:49.301 | INFO     | file_process.models.rag_service:embed_and_store_document:387 - [RAG] 章节 '勿扰模式' 切分为 1 个 chunks，开始 embedding...
2026-03-31 19:21:49.669 | INFO     | file_process.models.rag_service:embed_and_store_document:387 - [RAG] 章节 '日志管理' 切分为 1 个 chunks，开始 embedding...
2026-03-31 19:21:50.045 | INFO     | file_process.models.rag_service:embed_and_store_document:387 - [RAG] 章节 '参数管理' 切分为 1 个 chunks，开始 embedding...
2026-03-31 19:21:50.537 | INFO     | file_process.models.rag_service:embed_and_store_document:387 - [RAG] 章节 '在线修改表结构' 切分为 1 个 chunks，开始 embedding...
2026-03-31 19:21:50.885 | INFO     | file_process.models.rag_service:embed_and_store_document:387 - [RAG] 章节 '帐户角色管理' 切分为 1 个 chunks，开始 embedding...
2026-03-31 19:21:51.265 | INFO     | file_process.models.rag_service:embed_and_store_document:387 - [RAG] 章节 '版本管理及在线版本升级' 切分为 1 个 chunks，开始 embedding...
2026-03-31 19:21:51.693 | INFO     | file_process.models.rag_service:embed_and_store_document:387 - [RAG] 章节 'TDSQL 数据库简介' 切分为 1 个 chunks，开始 embedding...
2026-03-31 19:21:52.059 | INFO     | file_process.models.rag_service:embed_and_store_document:387 - [RAG] 章节 'TDSQL 数据库基础架构及术语' 切分为 2 个 chunks，开始 embedding...
2026-03-31 19:21:53.182 | INFO     | file_process.models.rag_service:embed_and_store_document:387 - [RAG] 章节 '强一致同步（MAR）' 切分为 1 个 chunks，开始 embedding...
2026-03-31 19:21:54.469 | INFO     | file_process.models.rag_service:embed_and_store_document:387 - [RAG] 章节 '异步复制' 切分为 1 个 chunks，开始 embedding...
2026-03-31 19:21:54.884 | INFO     | file_process.models.rag_service:embed_and_store_document:387 - [RAG] 章节 'DCN 复制' 切分为 1 个 chunks，开始 embedding...
2026-03-31 19:21:55.457 | INFO     | file_process.models.rag_service:embed_and_store_document:387 - [RAG] 章节 'TDSQL 数据库管控组件机制' 切分为 1 个 chunks，开始 embedding...
2026-03-31 19:21:56.119 | INFO     | file_process.models.rag_service:embed_and_store_document:387 - [RAG] 章节 'TDSQL 数据节点切换原理' 切分为 1 个 chunks，开始 embedding...
2026-03-31 19:21:56.621 | INFO     | file_process.models.rag_service:embed_and_store_document:387 - [RAG] 章节 'NoShard与 GroupShard架构' 切分为 1 个 chunks，开始 embedding...
2026-03-31 19:21:57.323 | INFO     | file_process.models.rag_service:embed_and_store_document:387 - [RAG] 章节 '单中心部署架构' 切分为 1 个 chunks，开始 embedding...
2026-03-31 19:21:58.030 | INFO     | file_process.models.rag_service:embed_and_store_document:387 - [RAG] 章节 '同城双中心架构' 切分为 2 个 chunks，开始 embedding...
2026-03-31 19:21:59.181 | INFO     | file_process.models.rag_service:embed_and_store_document:387 - [RAG] 章节 '两地三中心架构' 切分为 2 个 chunks，开始 embedding...
2026-03-31 19:22:00.479 | INFO     | file_process.models.rag_service:embed_and_store_document:387 - [RAG] 章节 'TDSQL 数据库开发规范' 切分为 1 个 chunks，开始 embedding...
2026-03-31 19:22:01.563 | INFO     | file_process.models.rag_service:embed_and_store_document:387 - [RAG] 章节 '架构设计规范' 切分为 1 个 chunks，开始 embedding...
2026-03-31 19:22:02.176 | INFO     | file_process.models.rag_service:embed_and_store_document:387 - [RAG] 章节 '表对象分类' 切分为 1 个 chunks，开始 embedding...
2026-03-31 19:22:02.556 | INFO     | file_process.models.rag_service:embed_and_store_document:387 - [RAG] 章节 '分片键设计规范' 切分为 1 个 chunks，开始 embedding...
2026-03-31 19:22:03.327 | INFO     | file_process.models.rag_service:embed_and_store_document:387 - [RAG] 章节 '表设计规范' 切分为 1 个 chunks，开始 embedding...
2026-03-31 19:22:03.865 | INFO     | file_process.models.rag_service:embed_and_store_document:387 - [RAG] 章节 '冷热库设计规范' 切分为 1 个 chunks，开始 embedding...
2026-03-31 19:22:04.222 | INFO     | file_process.models.rag_service:embed_and_store_document:387 - [RAG] 章节 '数据库设计规范' 切分为 4 个 chunks，开始 embedding...
2026-03-31 19:22:06.026 | INFO     | file_process.models.rag_service:embed_and_store_document:387 - [RAG] 章节 '数据库连接规范' 切分为 1 个 chunks，开始 embedding...
2026-03-31 19:22:07.474 | INFO     | file_process.models.rag_service:embed_and_store_document:387 - [RAG] 章节 '查询' 切分为 1 个 chunks，开始 embedding...
2026-03-31 19:22:08.196 | INFO     | file_process.models.rag_service:embed_and_store_document:387 - [RAG] 章节 'DDL' 切分为 1 个 chunks，开始 embedding...
2026-03-31 19:22:08.597 | INFO     | file_process.models.rag_service:embed_and_store_document:387 - [RAG] 章节 'DML' 切分为 2 个 chunks，开始 embedding...
2026-03-31 19:22:09.623 | INFO     | file_process.models.rag_service:embed_and_store_document:387 - [RAG] 章节 '性能规范' 切分为 2 个 chunks，开始 embedding...
2026-03-31 19:22:10.749 | INFO     | file_process.models.rag_service:embed_and_store_document:387 - [RAG] 章节 '安全规范' 切分为 1 个 chunks，开始 embedding...
2026-03-31 19:22:12.040 | INFO     | file_process.models.rag_service:embed_and_store_document:387 - [RAG] 章节 '供货范围清单(计入投标总价)' 切分为 1 个 chunks，开始 embedding...
2026-03-31 19:22:12.389 | INFO     | file_process.models.rag_service:embed_and_store_document:387 - [RAG] 章节 '技术条款偏差表' 切分为 42 个 chunks，开始 embedding...
2026-03-31 19:22:34.715 | INFO     | file_process.models.rag_service:embed_and_store_document:442 - [RAG] 文档处理完成: 华能点对点-0419.docx, 339 章节, 372 chunks
2026-03-31 19:22:34.718 | INFO     | file_process.models.prodetail:process_document_task:981 - 文档 RAG 向量化完成: doc_id=1a41133d87357cb15c0f77c33595a4ff, sections=339, chunks=372
[2026-03-31 19:22:34,748: INFO/MainProcess] Task file_process.models.prodetail.process_document_task[427ebc9f-2384-4443-a378-292d3a1102b9] succeeded in 217.62909073289484s: {'metadata': {'chapter_count': 321, 'image_count': 558}, 'process_time': '2026-03-31 19:19:13', 'status': 'success', 'embedding': {'status': 'success', 'embed_count': 372, 'sections': 339, 'rag_document_id': 257, 'errors': []}}
[2026-03-31 19:22:34,753: INFO/MainProcess] Task file_process.models.prodetail.process_document_task[9094aaa3-6197-43b3-b69f-6cbe31afa1b1] received
2026-03-31 19:22:34.754 | INFO     | file_process.models.prodetail:process_document_task:785 - 开始处理文档: doc_id=1338753a127562c128d5bb921b37f86f, file_path=/mnt/e/codebuddy/data/tencentcode/data/uploads/final/asd1/潍柴国产数据库采购项目-20240806.docx
2026-03-31 19:22:34.755 | INFO     | file_process.models.prodetail:process_document_task:790 - 直接调用WordParser处理Word文档: /mnt/e/codebuddy/data/tencentcode/data/uploads/final/asd1/潍柴国产数据库采购项目-20240806.docx
2026-03-31 19:22:46.725 | INFO     | file_process.models.prodetail:process_document_task:961 - Word文档处理成功: doc_id=1338753a127562c128d5bb921b37f86f, chapters=248, images=346
2026-03-31 19:22:48.829 | INFO     | file_process.models.rag_service:embed_and_store_document:350 - [RAG] 开始处理文档: 潍柴国产数据库采购项目-20240806.docx (doc_id=258)
2026-03-31 19:22:55.269 | INFO     | file_process.models.rag_service:parse_docx_to_sections:187 - 文档解析完成: 潍柴国产数据库采购项目-20240806.docx, 共 248 个章节
2026-03-31 19:22:55.273 | INFO     | file_process.models.embedding_service:_init_provider:667 - Embedding 服务初始化成功: BGE-M3 (sentence-transformers)
2026-03-31 19:22:55.278 | INFO     | file_process.models.rag_service:embed_and_store_document:387 - [RAG] 章节 '文档概述' 切分为 1 个 chunks，开始 embedding...
2026-03-31 19:22:55.864 | INFO     | file_process.models.rag_service:embed_and_store_document:387 - [RAG] 章节 '一线通国产数据库建设背景' 切分为 1 个 chunks，开始 embedding...
2026-03-31 19:22:56.344 | INFO     | file_process.models.rag_service:embed_and_store_document:387 - [RAG] 章节 '总体业务需求' 切分为 1 个 chunks，开始 embedding...
2026-03-31 19:22:56.756 | INFO     | file_process.models.rag_service:embed_and_store_document:387 - [RAG] 章节 '关系数据库业务需求分析' 切分为 1 个 chunks，开始 embedding...
2026-03-31 19:22:57.131 | INFO     | file_process.models.rag_service:embed_and_store_document:387 - [RAG] 章节 '业务流程梳理' 切分为 1 个 chunks，开始 embedding...
2026-03-31 19:22:57.637 | INFO     | file_process.models.rag_service:embed_and_store_document:387 - [RAG] 章节 '业务功能分析' 切分为 1 个 chunks，开始 embedding...
2026-03-31 19:22:58.139 | INFO     | file_process.models.rag_service:embed_and_store_document:387 - [RAG] 章节 '项目目标' 切分为 1 个 chunks，开始 embedding...
2026-03-31 19:22:58.493 | INFO     | file_process.models.rag_service:embed_and_store_document:387 - [RAG] 章节 '建设原则' 切分为 1 个 chunks，开始 embedding...
2026-03-31 19:22:59.109 | INFO     | file_process.models.rag_service:embed_and_store_document:387 - [RAG] 章节 '技术规格偏离一览表' 切分为 1 个 chunks，开始 embedding...
2026-03-31 19:22:59.425 | INFO     | file_process.models.rag_service:embed_and_store_document:387 - [RAG] 章节 '系统配置及概述' 切分为 1 个 chunks，开始 embedding...
2026-03-31 19:22:59.805 | INFO     | file_process.models.rag_service:embed_and_store_document:387 - [RAG] 章节 'TDSQL MYSQL系统总览' 切分为 3 个 chunks，开始 embedding...
2026-03-31 19:23:01.462 | INFO     | file_process.models.rag_service:embed_and_store_document:387 - [RAG] 章节 'TDSQL MYSQL核心架构模块' 切分为 3 个 chunks，开始 embedding...
2026-03-31 19:23:02.963 | INFO     | file_process.models.rag_service:embed_and_store_document:387 - [RAG] 章节 'TDSQL MYSQL系统架构' 切分为 2 个 chunks，开始 embedding...
2026-03-31 19:23:04.113 | INFO     | file_process.models.rag_service:embed_and_store_document:387 - [RAG] 章节 'TDSQL MYSQL产品组件简介' 切分为 1 个 chunks，开始 embedding...
2026-03-31 19:23:05.327 | INFO     | file_process.models.rag_service:embed_and_store_document:387 - [RAG] 章节 '产品具有自主原创产品测评证书并提供相关证明' 切分为 1 个 chunks，开始 embedding...
2026-03-31 19:23:05.676 | INFO     | file_process.models.rag_service:embed_and_store_document:387 - [RAG] 章节 '兼容第三方MySQL/MariaDB客户端，包括但不限于navicat、phpm' 切分为 1 个 chunks，开始 embedding...
2026-03-31 19:23:06.190 | INFO     | file_process.models.rag_service:embed_and_store_document:387 - [RAG] 章节 '支持多种字符集，包括 UTF8、GBK、Latin、国产字符集 GB18030-' 切分为 1 个 chunks，开始 embedding...
2026-03-31 19:23:06.576 | INFO     | file_process.models.rag_service:embed_and_store_document:387 - [RAG] 章节 '产品在性能方面平均响应延时不超过 15ms，且 QPS 达到开源 MySQL 版' 切分为 1 个 chunks，开始 embedding...
2026-03-31 19:23:07.170 | INFO     | file_process.models.rag_service:embed_and_store_document:387 - [RAG] 章节 '产品支持国产信创环境进行部署使用' 切分为 1 个 chunks，开始 embedding...
2026-03-31 19:23:07.990 | INFO     | file_process.models.rag_service:embed_and_store_document:387 - [RAG] 章节 '数据库具备将数据表按不同规则自动或手动分布在多个数据节点上' 切分为 1 个 chunks，开始 embedding...
2026-03-31 19:23:08.621 | INFO     | file_process.models.rag_service:embed_and_store_document:387 - [RAG] 章节 '支持高并发、高性能数据库服务场景，提供高并发、高性能的数据库服务，应对高并发流量' 切分为 2 个 chunks，开始 embedding...
2026-03-31 19:23:09.679 | INFO     | file_process.models.rag_service:embed_and_store_document:387 - [RAG] 章节 '支持数据库服务多租户管理，资源隔离场景，不同的应用通过不同的租户使用不同的数据，' 切分为 1 个 chunks，开始 embedding...
2026-03-31 19:23:10.264 | INFO     | file_process.models.rag_service:embed_and_store_document:387 - [RAG] 章节 '完全兼容MySQL/MariaDB协议和语法，兼容MySQL5.7/8.0版本' 切分为 1 个 chunks，开始 embedding...
2026-03-31 19:23:10.860 | INFO     | file_process.models.rag_service:embed_and_store_document:387 - [RAG] 章节 '支持（分布式）事务能力，满足事务的ACID特性。' 切分为 3 个 chunks，开始 embedding...
2026-03-31 19:23:12.464 | INFO     | file_process.models.rag_service:embed_and_store_document:387 - [RAG] 章节 '提供数据强一致保障的数据库服务，满足不同业务可靠性要求，提供单实例、主从、同城、' 切分为 2 个 chunks，开始 embedding...
2026-03-31 19:23:13.680 | INFO     | file_process.models.rag_service:embed_and_store_document:387 - [RAG] 章节 '符合国家相关法规要求，保证业务处理正确、可靠存储和安全传输，应需要具备数据备份能' 切分为 1 个 chunks，开始 embedding...
2026-03-31 19:23:15.061 | INFO     | file_process.models.rag_service:embed_and_store_document:387 - [RAG] 章节 '内置SQL防火墙，SQL防火墙通过匹配规则阻断非法SQL，以达到防注入、防攻击的' 切分为 1 个 chunks，开始 embedding...
2026-03-31 19:23:15.568 | INFO     | file_process.models.rag_service:embed_and_store_document:387 - [RAG] 章节 '支持数据库服务器与客户端建立SSL加密连接（SSL加密默认采用TLS1.2或更高' 切分为 2 个 chunks，开始 embedding...
2026-03-31 19:23:16.641 | INFO     | file_process.models.rag_service:embed_and_store_document:387 - [RAG] 章节 '平台需具有安全测评资质的第三方测评机构出具的安全测评报告，且测评结果为产品无重大' 切分为 1 个 chunks，开始 embedding...
2026-03-31 19:23:17.006 | INFO     | file_process.models.rag_service:embed_and_store_document:387 - [RAG] 章节 '具备OLTP环境高并发情况下的完善锁机制，支持不同级别的锁，至少支持行级锁。支持' 切分为 1 个 chunks，开始 embedding...
2026-03-31 19:23:17.552 | INFO     | file_process.models.rag_service:embed_and_store_document:387 - [RAG] 章节 '提供数据库所需的视图功能，即从一个或几个基本表（或视图）中导出的虚拟的表' 切分为 1 个 chunks，开始 embedding...
2026-03-31 19:23:18.104 | INFO     | file_process.models.rag_service:embed_and_store_document:387 - [RAG] 章节 '支持分布式自增长序列，提供全局唯一ID和sequence能力' 切分为 1 个 chunks，开始 embedding...
2026-03-31 19:23:18.518 | INFO     | file_process.models.rag_service:embed_and_store_document:387 - [RAG] 章节 '可以支持库表级别的回档（恢复）以及基于时间点恢复。' 切分为 1 个 chunks，开始 embedding...
2026-03-31 19:23:19.151 | INFO     | file_process.models.rag_service:embed_and_store_document:387 - [RAG] 章节 '支持一键式在线扩容' 切分为 1 个 chunks，开始 embedding...
2026-03-31 19:23:19.947 | INFO     | file_process.models.rag_service:embed_and_store_document:387 - [RAG] 章节 '支持性能检测工具，对数据库实例进行完整性能评估' 切分为 1 个 chunks，开始 embedding...
2026-03-31 19:23:20.474 | INFO     | file_process.models.rag_service:embed_and_store_document:387 - [RAG] 章节 '支持业务对SQL进行优化评估，包括评估语法逻辑，查询效率等，以协助业务优化SQL' 切分为 1 个 chunks，开始 embedding...
2026-03-31 19:23:20.970 | INFO     | file_process.models.rag_service:embed_and_store_document:387 - [RAG] 章节 '支持对当前数据库正在出现的故障进行快速分析并自动分析解决方案，以快速定位问题和修' 切分为 1 个 chunks，开始 embedding...
2026-03-31 19:23:21.479 | INFO     | file_process.models.rag_service:embed_and_store_document:387 - [RAG] 章节 '支持对历史发生过的SQL进行记录并分析性能问题' 切分为 1 个 chunks，开始 embedding...
2026-03-31 19:23:21.929 | INFO     | file_process.models.rag_service:embed_and_store_document:387 - [RAG] 章节 '支持通过从机进行备份或增量备份，以减轻备份过程中的主机负担' 切分为 1 个 chunks，开始 embedding...
2026-03-31 19:23:22.298 | INFO     | file_process.models.rag_service:embed_and_store_document:387 - [RAG] 章节 '支持在可视化界面对数据库常用参数进行配置' 切分为 1 个 chunks，开始 embedding...
2026-03-31 19:23:22.703 | INFO     | file_process.models.rag_service:embed_and_store_document:387 - [RAG] 章节 '支持binlog日志，适配flink、canal等工具' 切分为 1 个 chunks，开始 embedding...
2026-03-31 19:23:23.125 | INFO     | file_process.models.rag_service:embed_and_store_document:387 - [RAG] 章节 '支持可视化界面对数据库进行部署，节点添加、节点扩容等' 切分为 1 个 chunks，开始 embedding...
2026-03-31 19:23:23.508 | INFO     | file_process.models.rag_service:embed_and_store_document:387 - [RAG] 章节 '支持对数据库的表在线修改表结构，修改表结构可不锁表' 切分为 1 个 chunks，开始 embedding...
2026-03-31 19:23:23.935 | INFO     | file_process.models.rag_service:embed_and_store_document:387 - [RAG] 章节 '支持通过透传语句，即通过/* */SQL注释（hint）的方式，要求数据库对语句' 切分为 1 个 chunks，开始 embedding...
2026-03-31 19:23:24.467 | INFO     | file_process.models.rag_service:embed_and_store_document:387 - [RAG] 章节 '提供与异构数据库之间数据的实时同步工具' 切分为 6 个 chunks，开始 embedding...
2026-03-31 19:23:27.070 | INFO     | file_process.models.rag_service:embed_and_store_document:387 - [RAG] 章节 '项目管理体系' 切分为 1 个 chunks，开始 embedding...
2026-03-31 19:23:28.182 | INFO     | file_process.models.rag_service:embed_and_store_document:387 - [RAG] 章节 '安装前准备' 切分为 1 个 chunks，开始 embedding...
2026-03-31 19:23:28.547 | INFO     | file_process.models.rag_service:embed_and_store_document:387 - [RAG] 章节 '平台定位' 切分为 1 个 chunks，开始 embedding...
2026-03-31 19:23:29.061 | INFO     | file_process.models.rag_service:embed_and_store_document:387 - [RAG] 章节 '建设范围' 切分为 1 个 chunks，开始 embedding...
2026-03-31 19:23:29.424 | INFO     | file_process.models.rag_service:embed_and_store_document:387 - [RAG] 章节 '总体架构' 切分为 3 个 chunks，开始 embedding...
2026-03-31 19:23:30.965 | INFO     | file_process.models.rag_service:embed_and_store_document:387 - [RAG] 章节 '技术架构' 切分为 1 个 chunks，开始 embedding...
2026-03-31 19:23:32.447 | INFO     | file_process.models.rag_service:embed_and_store_document:387 - [RAG] 章节 '集群架构' 切分为 2 个 chunks，开始 embedding...
2026-03-31 19:23:33.790 | INFO     | file_process.models.rag_service:embed_and_store_document:387 - [RAG] 章节 '部署架构' 切分为 1 个 chunks，开始 embedding...
2026-03-31 19:23:35.121 | INFO     | file_process.models.rag_service:embed_and_store_document:387 - [RAG] 章节 '物理部署架构' 切分为 1 个 chunks，开始 embedding...
2026-03-31 19:23:35.763 | INFO     | file_process.models.rag_service:embed_and_store_document:387 - [RAG] 章节 '主生产系统高可用设计' 切分为 2 个 chunks，开始 embedding...
2026-03-31 19:23:36.837 | INFO     | file_process.models.rag_service:embed_and_store_document:387 - [RAG] 章节 '强同步可退化' 切分为 1 个 chunks，开始 embedding...
2026-03-31 19:23:37.336 | INFO     | file_process.models.rag_service:embed_and_store_document:387 - [RAG] 章节 'Proxy网关集群规划设计' 切分为 2 个 chunks，开始 embedding...
2026-03-31 19:23:38.290 | INFO     | file_process.models.rag_service:embed_and_store_document:387 - [RAG] 章节 '数据交换（数据库迁移）规划设计' 切分为 1 个 chunks，开始 embedding...
2026-03-31 19:23:38.872 | INFO     | file_process.models.rag_service:embed_and_store_document:387 - [RAG] 章节 '数据库备份与恢复规划设计' 切分为 2 个 chunks，开始 embedding...
2026-03-31 19:23:40.079 | INFO     | file_process.models.rag_service:embed_and_store_document:387 - [RAG] 章节 '概述' 切分为 1 个 chunks，开始 embedding...
2026-03-31 19:23:41.319 | INFO     | file_process.models.rag_service:embed_and_store_document:387 - [RAG] 章节 '集群的弹性扩展能力' 切分为 1 个 chunks，开始 embedding...
2026-03-31 19:23:41.711 | INFO     | file_process.models.rag_service:embed_and_store_document:387 - [RAG] 章节 '实例的弹性扩展能力' 切分为 1 个 chunks，开始 embedding...
2026-03-31 19:23:42.398 | INFO     | file_process.models.rag_service:embed_and_store_document:387 - [RAG] 章节 '闲时超用技术' 切分为 1 个 chunks，开始 embedding...
2026-03-31 19:23:43.086 | INFO     | file_process.models.rag_service:embed_and_store_document:387 - [RAG] 章节 '四种读写分离方案' 切分为 1 个 chunks，开始 embedding...
2026-03-31 19:23:43.753 | INFO     | file_process.models.rag_service:embed_and_store_document:387 - [RAG] 章节 '热点更新' 切分为 1 个 chunks，开始 embedding...
2026-03-31 19:23:44.476 | INFO     | file_process.models.rag_service:embed_and_store_document:387 - [RAG] 章节 '部署模块及机型分配' 切分为 1 个 chunks，开始 embedding...
2026-03-31 19:23:44.834 | INFO     | file_process.models.rag_service:embed_and_store_document:387 - [RAG] 章节 '配置免密登录' 切分为 1 个 chunks，开始 embedding...
2026-03-31 19:23:45.266 | INFO     | file_process.models.rag_service:embed_and_store_document:387 - [RAG] 章节 '在主控机上安装Ansible' 切分为 1 个 chunks，开始 embedding...
2026-03-31 19:23:45.671 | INFO     | file_process.models.rag_service:embed_and_store_document:387 - [RAG] 章节 '准备数据目录路径' 切分为 1 个 chunks，开始 embedding...
2026-03-31 19:23:46.254 | INFO     | file_process.models.rag_service:embed_and_store_document:387 - [RAG] 章节 '安装各模块' 切分为 1 个 chunks，开始 embedding...
2026-03-31 19:23:46.628 | INFO     | file_process.models.rag_service:embed_and_store_document:387 - [RAG] 章节 '安装核心模块' 切分为 1 个 chunks，开始 embedding...
2026-03-31 19:23:46.974 | INFO     | file_process.models.rag_service:embed_and_store_document:387 - [RAG] 章节 '修改tdsql_hosts文件' 切分为 3 个 chunks，开始 embedding...
2026-03-31 19:23:48.275 | INFO     | file_process.models.rag_service:embed_and_store_document:387 - [RAG] 章节 '设置系统账号密码' 切分为 1 个 chunks，开始 embedding...
2026-03-31 19:23:49.292 | INFO     | file_process.models.rag_service:embed_and_store_document:387 - [RAG] 章节 '修改Ansible变量' 切分为 1 个 chunks，开始 embedding...
2026-03-31 19:23:49.924 | INFO     | file_process.models.rag_service:embed_and_store_document:387 - [RAG] 章节 '执行安装part1_site.yml' 切分为 1 个 chunks，开始 embedding...
2026-03-31 19:23:50.330 | INFO     | file_process.models.rag_service:embed_and_store_document:387 - [RAG] 章节 '赤兔系统的初始化安装步骤如下：' 切分为 4 个 chunks，开始 embedding...
2026-03-31 19:23:52.418 | INFO     | file_process.models.rag_service:embed_and_store_document:387 - [RAG] 章节 '再次修改Ansible变量，监控库连接测试' 切分为 2 个 chunks，开始 embedding...
2026-03-31 19:23:53.887 | INFO     | file_process.models.rag_service:embed_and_store_document:387 - [RAG] 章节 '安装part2_site.yml' 切分为 1 个 chunks，开始 embedding...
2026-03-31 19:23:54.363 | INFO     | file_process.models.rag_service:embed_and_store_document:387 - [RAG] 章节 '安装HDFS模块' 切分为 5 个 chunks，开始 embedding...
2026-03-31 19:23:56.317 | INFO     | file_process.models.rag_service:embed_and_store_document:387 - [RAG] 章节 '安装LVS模块' 切分为 2 个 chunks，开始 embedding...
2026-03-31 19:23:57.454 | INFO     | file_process.models.rag_service:embed_and_store_document:387 - [RAG] 章节 '安装Kafka模块' 切分为 1 个 chunks，开始 embedding...
2026-03-31 19:23:59.032 | INFO     | file_process.models.rag_service:embed_and_store_document:387 - [RAG] 章节 '安装Consumer模块' 切分为 2 个 chunks，开始 embedding...
2026-03-31 19:23:59.936 | INFO     | file_process.models.rag_service:embed_and_store_document:387 - [RAG] 章节 '安装ES模块' 切分为 1 个 chunks，开始 embedding...
2026-03-31 19:24:01.394 | INFO     | file_process.models.rag_service:embed_and_store_document:387 - [RAG] 章节 '实施计划' 切分为 1 个 chunks，开始 embedding...
2026-03-31 19:24:01.918 | INFO     | file_process.models.rag_service:embed_and_store_document:387 - [RAG] 章节 '项目范围管理' 切分为 1 个 chunks，开始 embedding...
2026-03-31 19:24:02.310 | INFO     | file_process.models.rag_service:embed_and_store_document:387 - [RAG] 章节 '项目时间管理' 切分为 1 个 chunks，开始 embedding...
2026-03-31 19:24:02.692 | INFO     | file_process.models.rag_service:embed_and_store_document:387 - [RAG] 章节 '项目成本核算管理' 切分为 1 个 chunks，开始 embedding...
2026-03-31 19:24:03.068 | INFO     | file_process.models.rag_service:embed_and_store_document:387 - [RAG] 章节 '项目质量考核管理' 切分为 1 个 chunks，开始 embedding...
2026-03-31 19:24:03.425 | INFO     | file_process.models.rag_service:embed_and_store_document:387 - [RAG] 章节 '项目人力资源管理' 切分为 1 个 chunks，开始 embedding...
2026-03-31 19:24:03.869 | INFO     | file_process.models.rag_service:embed_and_store_document:387 - [RAG] 章节 '项目沟通管理' 切分为 1 个 chunks，开始 embedding...
2026-03-31 19:24:04.267 | INFO     | file_process.models.rag_service:embed_and_store_document:387 - [RAG] 章节 '项目变更管理' 切分为 2 个 chunks，开始 embedding...
2026-03-31 19:24:05.387 | INFO     | file_process.models.rag_service:embed_and_store_document:387 - [RAG] 章节 '项目配置管理' 切分为 2 个 chunks，开始 embedding...
2026-03-31 19:24:06.507 | INFO     | file_process.models.rag_service:embed_and_store_document:387 - [RAG] 章节 '项目团队' 切分为 1 个 chunks，开始 embedding...
2026-03-31 19:24:07.785 | INFO     | file_process.models.rag_service:embed_and_store_document:387 - [RAG] 章节 '培训方案' 切分为 1 个 chunks，开始 embedding...
2026-03-31 19:24:08.124 | INFO     | file_process.models.rag_service:embed_and_store_document:387 - [RAG] 章节 '培训目标及任务' 切分为 1 个 chunks，开始 embedding...
2026-03-31 19:24:08.518 | INFO     | file_process.models.rag_service:embed_and_store_document:387 - [RAG] 章节 '培训条件和环境' 切分为 1 个 chunks，开始 embedding...
2026-03-31 19:24:08.920 | INFO     | file_process.models.rag_service:embed_and_store_document:387 - [RAG] 章节 '培训计划' 切分为 1 个 chunks，开始 embedding...
2026-03-31 19:24:09.227 | INFO     | file_process.models.rag_service:embed_and_store_document:387 - [RAG] 章节 '培训组织方式' 切分为 1 个 chunks，开始 embedding...
2026-03-31 19:24:09.597 | INFO     | file_process.models.rag_service:embed_and_store_document:387 - [RAG] 章节 '培训方式' 切分为 1 个 chunks，开始 embedding...
2026-03-31 19:24:09.953 | INFO     | file_process.models.rag_service:embed_and_store_document:387 - [RAG] 章节 '运行环境培训对象' 切分为 1 个 chunks，开始 embedding...
2026-03-31 19:24:10.286 | INFO     | file_process.models.rag_service:embed_and_store_document:387 - [RAG] 章节 '项目交付成果' 切分为 1 个 chunks，开始 embedding...
2026-03-31 19:24:10.720 | INFO     | file_process.models.rag_service:embed_and_store_document:387 - [RAG] 章节 '企业级可视化管理方案' 切分为 1 个 chunks，开始 embedding...
2026-03-31 19:24:11.069 | INFO     | file_process.models.rag_service:embed_and_store_document:387 - [RAG] 章节 '实例管理' 切分为 1 个 chunks，开始 embedding...
2026-03-31 19:24:11.415 | INFO     | file_process.models.rag_service:embed_and_store_document:387 - [RAG] 章节 '系统监控与告警' 切分为 1 个 chunks，开始 embedding...
2026-03-31 19:24:11.791 | INFO     | file_process.models.rag_service:embed_and_store_document:387 - [RAG] 章节 '集群监控' 切分为 1 个 chunks，开始 embedding...
2026-03-31 19:24:12.170 | INFO     | file_process.models.rag_service:embed_and_store_document:387 - [RAG] 章节 'DB数据库实例监控' 切分为 1 个 chunks，开始 embedding...
2026-03-31 19:24:12.562 | INFO     | file_process.models.rag_service:embed_and_store_document:387 - [RAG] 章节 'SQL引擎监控与告警' 切分为 1 个 chunks，开始 embedding...
2026-03-31 19:24:12.978 | INFO     | file_process.models.rag_service:embed_and_store_document:387 - [RAG] 章节 '实例监控与告警' 切分为 1 个 chunks，开始 embedding...
2026-03-31 19:24:13.346 | INFO     | file_process.models.rag_service:embed_and_store_document:387 - [RAG] 章节 '汇总监控与告警' 切分为 1 个 chunks，开始 embedding...
2026-03-31 19:24:13.704 | INFO     | file_process.models.rag_service:embed_and_store_document:387 - [RAG] 章节 '自定义告警策略' 切分为 1 个 chunks，开始 embedding...
2026-03-31 19:24:14.042 | INFO     | file_process.models.rag_service:embed_and_store_document:387 - [RAG] 章节 '多种告警策略与方式' 切分为 1 个 chunks，开始 embedding...
2026-03-31 19:24:14.560 | INFO     | file_process.models.rag_service:embed_and_store_document:387 - [RAG] 章节 '组件状态监控与告警' 切分为 1 个 chunks，开始 embedding...
2026-03-31 19:24:14.938 | INFO     | file_process.models.rag_service:embed_and_store_document:387 - [RAG] 章节 '勿扰模式' 切分为 1 个 chunks，开始 embedding...
2026-03-31 19:24:15.308 | INFO     | file_process.models.rag_service:embed_and_store_document:387 - [RAG] 章节 '日志管理' 切分为 1 个 chunks，开始 embedding...
2026-03-31 19:24:15.684 | INFO     | file_process.models.rag_service:embed_and_store_document:387 - [RAG] 章节 '参数管理' 切分为 1 个 chunks，开始 embedding...
2026-03-31 19:24:16.183 | INFO     | file_process.models.rag_service:embed_and_store_document:387 - [RAG] 章节 '在线修改表结构' 切分为 1 个 chunks，开始 embedding...
2026-03-31 19:24:16.542 | INFO     | file_process.models.rag_service:embed_and_store_document:387 - [RAG] 章节 '帐户角色管理' 切分为 1 个 chunks，开始 embedding...
2026-03-31 19:24:16.916 | INFO     | file_process.models.rag_service:embed_and_store_document:387 - [RAG] 章节 '版本管理及在线版本升级' 切分为 1 个 chunks，开始 embedding...
2026-03-31 19:24:17.267 | INFO     | file_process.models.rag_service:embed_and_store_document:387 - [RAG] 章节 '性能调优' 切分为 1 个 chunks，开始 embedding...
2026-03-31 19:24:17.655 | INFO     | file_process.models.rag_service:embed_and_store_document:387 - [RAG] 章节 '智能监控，实例大盘功能' 切分为 1 个 chunks，开始 embedding...
2026-03-31 19:24:18.066 | INFO     | file_process.models.rag_service:embed_and_store_document:387 - [RAG] 章节 'SQL 透视分析' 切分为 1 个 chunks，开始 embedding...
2026-03-31 19:24:18.521 | INFO     | file_process.models.rag_service:embed_and_store_document:387 - [RAG] 章节 'SQL优化功能' 切分为 1 个 chunks，开始 embedding...
2026-03-31 19:24:18.891 | INFO     | file_process.models.rag_service:embed_and_store_document:387 - [RAG] 章节 '智能诊断功能' 切分为 1 个 chunks，开始 embedding...
2026-03-31 19:24:19.291 | INFO     | file_process.models.rag_service:embed_and_store_document:387 - [RAG] 章节 '自定义告警' 切分为 1 个 chunks，开始 embedding...
2026-03-31 19:24:19.659 | INFO     | file_process.models.rag_service:embed_and_store_document:387 - [RAG] 章节 '安全风险识别' 切分为 1 个 chunks，开始 embedding...
2026-03-31 19:24:20.005 | INFO     | file_process.models.rag_service:embed_and_store_document:387 - [RAG] 章节 '巡检报告' 切分为 1 个 chunks，开始 embedding...
2026-03-31 19:24:20.396 | INFO     | file_process.models.rag_service:embed_and_store_document:387 - [RAG] 章节 '主生产系统高可用设计' 切分为 2 个 chunks，开始 embedding...
2026-03-31 19:24:21.417 | INFO     | file_process.models.rag_service:embed_and_store_document:387 - [RAG] 章节 '强同步可退化' 切分为 1 个 chunks，开始 embedding...
2026-03-31 19:24:22.817 | INFO     | file_process.models.rag_service:embed_and_store_document:387 - [RAG] 章节 'Proxy网关集群规划设计' 切分为 2 个 chunks，开始 embedding...
2026-03-31 19:24:23.734 | INFO     | file_process.models.rag_service:embed_and_store_document:387 - [RAG] 章节 '数据交换（数据库迁移）规划设计' 切分为 1 个 chunks，开始 embedding...
2026-03-31 19:24:25.245 | INFO     | file_process.models.rag_service:embed_and_store_document:387 - [RAG] 章节 '数据库备份与恢复规划设计' 切分为 2 个 chunks，开始 embedding...
2026-03-31 19:24:26.378 | INFO     | file_process.models.rag_service:embed_and_store_document:387 - [RAG] 章节 '单中心容灾架构设计' 切分为 1 个 chunks，开始 embedding...
2026-03-31 19:24:27.700 | INFO     | file_process.models.rag_service:embed_and_store_document:387 - [RAG] 章节 '架构图及说明' 切分为 1 个 chunks，开始 embedding...
2026-03-31 19:24:28.168 | INFO     | file_process.models.rag_service:embed_and_store_document:387 - [RAG] 章节 'Proxy故障说明' 切分为 1 个 chunks，开始 embedding...
2026-03-31 19:24:28.542 | INFO     | file_process.models.rag_service:embed_and_store_document:387 - [RAG] 章节 'DB Master故障说明' 切分为 1 个 chunks，开始 embedding...
2026-03-31 19:24:28.913 | INFO     | file_process.models.rag_service:embed_and_store_document:387 - [RAG] 章节 '硬件配置基线建议' 切分为 1 个 chunks，开始 embedding...
2026-03-31 19:24:29.300 | INFO     | file_process.models.rag_service:embed_and_store_document:387 - [RAG] 章节 '同城双中心容灾架构设计' 切分为 1 个 chunks，开始 embedding...
2026-03-31 19:24:29.700 | INFO     | file_process.models.rag_service:embed_and_store_document:387 - [RAG] 章节 '架构图及说明' 切分为 1 个 chunks，开始 embedding...
2026-03-31 19:24:30.187 | INFO     | file_process.models.rag_service:embed_and_store_document:387 - [RAG] 章节 '负载均衡故障情况' 切分为 1 个 chunks，开始 embedding...
2026-03-31 19:24:30.686 | INFO     | file_process.models.rag_service:embed_and_store_document:387 - [RAG] 章节 'Proxy故障说明' 切分为 1 个 chunks，开始 embedding...
2026-03-31 19:24:31.161 | INFO     | file_process.models.rag_service:embed_and_store_document:387 - [RAG] 章节 'DB Master故障说明' 切分为 1 个 chunks，开始 embedding...
2026-03-31 19:24:31.682 | INFO     | file_process.models.rag_service:embed_and_store_document:387 - [RAG] 章节 '主同任一中心故障说明' 切分为 1 个 chunks，开始 embedding...
2026-03-31 19:24:32.154 | INFO     | file_process.models.rag_service:embed_and_store_document:387 - [RAG] 章节 '故障说明：' 切分为 1 个 chunks，开始 embedding...
2026-03-31 19:24:32.493 | INFO     | file_process.models.rag_service:embed_and_store_document:387 - [RAG] 章节 '硬件配置基线建议' 切分为 1 个 chunks，开始 embedding...
2026-03-31 19:24:32.831 | INFO     | file_process.models.rag_service:embed_and_store_document:387 - [RAG] 章节 '两地三中心容灾架构设计' 切分为 1 个 chunks，开始 embedding...
2026-03-31 19:24:33.220 | INFO     | file_process.models.rag_service:embed_and_store_document:387 - [RAG] 章节 '架构图及说明' 切分为 1 个 chunks，开始 embedding...
2026-03-31 19:24:33.809 | INFO     | file_process.models.rag_service:embed_and_store_document:387 - [RAG] 章节 '负载均衡故障情况' 切分为 1 个 chunks，开始 embedding...
2026-03-31 19:24:34.360 | INFO     | file_process.models.rag_service:embed_and_store_document:387 - [RAG] 章节 'Proxy故障说明' 切分为 1 个 chunks，开始 embedding...
2026-03-31 19:24:34.806 | INFO     | file_process.models.rag_service:embed_and_store_document:387 - [RAG] 章节 'DB Master故障说明' 切分为 1 个 chunks，开始 embedding...
2026-03-31 19:24:35.340 | INFO     | file_process.models.rag_service:embed_and_store_document:387 - [RAG] 章节 '主同任一中心故障说明' 切分为 1 个 chunks，开始 embedding...
2026-03-31 19:24:35.704 | INFO     | file_process.models.rag_service:embed_and_store_document:387 - [RAG] 章节 '主同中心间网络故障说明' 切分为 1 个 chunks，开始 embedding...
2026-03-31 19:24:36.055 | INFO     | file_process.models.rag_service:embed_and_store_document:387 - [RAG] 章节 '主同中心全故障说明' 切分为 1 个 chunks，开始 embedding...
2026-03-31 19:24:36.496 | INFO     | file_process.models.rag_service:embed_and_store_document:387 - [RAG] 章节 '硬件配置基线建议' 切分为 1 个 chunks，开始 embedding...
2026-03-31 19:24:36.891 | INFO     | file_process.models.rag_service:embed_and_store_document:387 - [RAG] 章节 '国产化数据库系统建设方法论' 切分为 1 个 chunks，开始 embedding...
2026-03-31 19:24:37.345 | INFO     | file_process.models.rag_service:embed_and_store_document:387 - [RAG] 章节 '异构数据库迁移方法论' 切分为 1 个 chunks，开始 embedding...
2026-03-31 19:24:37.829 | INFO     | file_process.models.rag_service:embed_and_store_document:387 - [RAG] 章节 '腾讯数据库迁移平台' 切分为 1 个 chunks，开始 embedding...
2026-03-31 19:24:38.344 | INFO     | file_process.models.rag_service:embed_and_store_document:387 - [RAG] 章节 '多数据库产品兼容' 切分为 1 个 chunks，开始 embedding...
2026-03-31 19:24:38.691 | INFO     | file_process.models.rag_service:embed_and_store_document:387 - [RAG] 章节 '全量数据迁移' 切分为 1 个 chunks，开始 embedding...
2026-03-31 19:24:39.070 | INFO     | file_process.models.rag_service:embed_and_store_document:387 - [RAG] 章节 '全量迁移工作原理介绍' 切分为 1 个 chunks，开始 embedding...
2026-03-31 19:24:39.543 | INFO     | file_process.models.rag_service:embed_and_store_document:387 - [RAG] 章节 '增量同步工作原理介绍' 切分为 1 个 chunks，开始 embedding...
2026-03-31 19:24:40.108 | INFO     | file_process.models.rag_service:embed_and_store_document:387 - [RAG] 章节 '全量与增量衔接原理介绍' 切分为 1 个 chunks，开始 embedding...
2026-03-31 19:24:40.587 | INFO     | file_process.models.rag_service:embed_and_store_document:387 - [RAG] 章节 '校验原理工作介绍' 切分为 1 个 chunks，开始 embedding...
2026-03-31 19:24:41.024 | INFO     | file_process.models.rag_service:embed_and_store_document:387 - [RAG] 章节 '安全保障概述' 切分为 1 个 chunks，开始 embedding...
2026-03-31 19:24:41.378 | INFO     | file_process.models.rag_service:embed_and_store_document:387 - [RAG] 章节 '内部人员、系统身份鉴别' 切分为 1 个 chunks，开始 embedding...
2026-03-31 19:24:41.858 | INFO     | file_process.models.rag_service:embed_and_store_document:387 - [RAG] 章节 '内部人员、系统访问控制' 切分为 1 个 chunks，开始 embedding...
2026-03-31 19:24:42.236 | INFO     | file_process.models.rag_service:embed_and_store_document:387 - [RAG] 章节 '数据完整性与误操作恢复' 切分为 1 个 chunks，开始 embedding...
2026-03-31 19:24:42.599 | INFO     | file_process.models.rag_service:embed_and_store_document:387 - [RAG] 章节 '数据安全加密' 切分为 1 个 chunks，开始 embedding...
2026-03-31 19:24:43.014 | INFO     | file_process.models.rag_service:embed_and_store_document:387 - [RAG] 章节 '数据安全传输' 切分为 1 个 chunks，开始 embedding...
2026-03-31 19:24:43.468 | INFO     | file_process.models.rag_service:embed_and_store_document:387 - [RAG] 章节 '配置的安全' 切分为 1 个 chunks，开始 embedding...
2026-03-31 19:24:43.831 | INFO     | file_process.models.rag_service:embed_and_store_document:387 - [RAG] 章节 '全维度的安全审计' 切分为 1 个 chunks，开始 embedding...
2026-03-31 19:24:44.327 | INFO     | file_process.models.rag_service:embed_and_store_document:387 - [RAG] 章节 '内部入侵防范' 切分为 1 个 chunks，开始 embedding...
2026-03-31 19:24:44.688 | INFO     | file_process.models.rag_service:embed_and_store_document:387 - [RAG] 章节 '备份与恢复' 切分为 1 个 chunks，开始 embedding...
2026-03-31 19:24:45.010 | INFO     | file_process.models.rag_service:embed_and_store_document:387 - [RAG] 章节 '客体安全重用' 切分为 1 个 chunks，开始 embedding...
2026-03-31 19:24:45.360 | INFO     | file_process.models.rag_service:embed_and_store_document:387 - [RAG] 章节 '抗抵赖' 切分为 1 个 chunks，开始 embedding...
2026-03-31 19:24:45.724 | INFO     | file_process.models.rag_service:embed_and_store_document:387 - [RAG] 章节 '资源安全与内核级安全策略' 切分为 1 个 chunks，开始 embedding...
2026-03-31 19:24:46.285 | INFO     | file_process.models.rag_service:embed_and_store_document:387 - [RAG] 章节 '售后服务体系' 切分为 1 个 chunks，开始 embedding...
2026-03-31 19:24:46.773 | INFO     | file_process.models.rag_service:embed_and_store_document:387 - [RAG] 章节 '售后服务流程' 切分为 1 个 chunks，开始 embedding...
2026-03-31 19:24:47.110 | INFO     | file_process.models.rag_service:embed_and_store_document:387 - [RAG] 章节 '售后服务方式及响应时间' 切分为 1 个 chunks，开始 embedding...
2026-03-31 19:24:47.460 | INFO     | file_process.models.rag_service:embed_and_store_document:387 - [RAG] 章节 '远程支持' 切分为 1 个 chunks，开始 embedding...
2026-03-31 19:24:47.837 | INFO     | file_process.models.rag_service:embed_and_store_document:387 - [RAG] 章节 '故障响应时间' 切分为 1 个 chunks，开始 embedding...
2026-03-31 19:24:48.216 | INFO     | file_process.models.rag_service:embed_and_store_document:387 - [RAG] 章节 '培训' 切分为 1 个 chunks，开始 embedding...
2026-03-31 19:24:48.502 | INFO     | file_process.models.rag_service:embed_and_store_document:387 - [RAG] 章节 '应急措施' 切分为 1 个 chunks，开始 embedding...
2026-03-31 19:24:48.944 | INFO     | file_process.models.rag_service:embed_and_store_document:387 - [RAG] 章节 '内部应急机制' 切分为 1 个 chunks，开始 embedding...
2026-03-31 19:24:49.498 | INFO     | file_process.models.rag_service:embed_and_store_document:387 - [RAG] 章节 '外部应急机制' 切分为 1 个 chunks，开始 embedding...
2026-03-31 19:24:49.958 | INFO     | file_process.models.rag_service:embed_and_store_document:387 - [RAG] 章节 '应急措施手册' 切分为 1 个 chunks，开始 embedding...
2026-03-31 19:24:50.331 | INFO     | file_process.models.rag_service:embed_and_store_document:387 - [RAG] 章节 '运维工具' 切分为 1 个 chunks，开始 embedding...
2026-03-31 19:24:50.729 | INFO     | file_process.models.rag_service:embed_and_store_document:387 - [RAG] 章节 '数据迁移评估工具TMT' 切分为 48 个 chunks，开始 embedding...
2026-03-31 19:25:15.728 | INFO     | file_process.models.rag_service:embed_and_store_document:442 - [RAG] 文档处理完成: 潍柴国产数据库采购项目-20240806.docx, 248 章节, 272 chunks
2026-03-31 19:25:15.730 | INFO     | file_process.models.prodetail:process_document_task:981 - 文档 RAG 向量化完成: doc_id=1338753a127562c128d5bb921b37f86f, sections=248, chunks=272
[2026-03-31 19:25:15,758: INFO/MainProcess] Task file_process.models.prodetail.process_document_task[9094aaa3-6197-43b3-b69f-6cbe31afa1b1] succeeded in 161.00378941185772s: {'metadata': {'chapter_count': 248, 'image_count': 346}, 'process_time': '2026-03-31 19:22:46', 'status': 'success', 'embedding': {'status': 'success', 'embed_count': 272, 'sections': 248, 'rag_document_id': 258, 'errors': []}}
[2026-03-31 19:25:15,765: INFO/MainProcess] Task file_process.models.prodetail.process_document_task[8dc79740-3d2a-407f-9886-bbddee66e3c7] received
2026-03-31 19:25:15.766 | INFO     | file_process.models.prodetail:process_document_task:785 - 开始处理文档: doc_id=168b311312f8b85c537d7fb617bee1bc, file_path=/mnt/e/codebuddy/data/tencentcode/data/uploads/final/asd1/山东黄金分布式点对点应答1212V1.docx
2026-03-31 19:25:15.766 | INFO     | file_process.models.prodetail:process_document_task:790 - 直接调用WordParser处理Word文档: /mnt/e/codebuddy/data/tencentcode/data/uploads/final/asd1/山东黄金分布式点对点应答1212V1.docx
2026-03-31 19:26:12.033 | INFO     | file_process.models.prodetail:process_document_task:961 - Word文档处理成功: doc_id=168b311312f8b85c537d7fb617bee1bc, chapters=149, images=763
2026-03-31 19:26:15.021 | INFO     | file_process.models.rag_service:embed_and_store_document:350 - [RAG] 开始处理文档: 山东黄金分布式点对点应答1212V1.docx (doc_id=259)
2026-03-31 19:27:36.191 | INFO     | file_process.models.rag_service:parse_docx_to_sections:187 - 文档解析完成: 山东黄金分布式点对点应答1212V1.docx, 共 148 个章节
2026-03-31 19:27:36.194 | INFO     | file_process.models.embedding_service:_init_provider:667 - Embedding 服务初始化成功: BGE-M3 (sentence-transformers)
2026-03-31 19:27:36.202 | INFO     | file_process.models.rag_service:embed_and_store_document:387 - [RAG] 章节 '★数据库安装' 切分为 1 个 chunks，开始 embedding...
2026-03-31 19:27:36.730 | INFO     | file_process.models.rag_service:embed_and_store_document:387 - [RAG] 章节 '★数据库重启' 切分为 1 个 chunks，开始 embedding...
2026-03-31 19:27:37.082 | INFO     | file_process.models.rag_service:embed_and_store_document:387 - [RAG] 章节 '★安装配置日志' 切分为 1 个 chunks，开始 embedding...
2026-03-31 19:27:37.484 | INFO     | file_process.models.rag_service:embed_and_store_document:387 - [RAG] 章节 '★升级维护' 切分为 1 个 chunks，开始 embedding...
2026-03-31 19:27:37.912 | INFO     | file_process.models.rag_service:embed_and_store_document:387 - [RAG] 章节 '安装和升级的兼容性' 切分为 1 个 chunks，开始 embedding...
2026-03-31 19:27:38.335 | INFO     | file_process.models.rag_service:embed_and_store_document:387 - [RAG] 章节 '节点部署' 切分为 1 个 chunks，开始 embedding...
2026-03-31 19:27:38.967 | INFO     | file_process.models.rag_service:embed_and_store_document:387 - [RAG] 章节 '★参数配置' 切分为 1 个 chunks，开始 embedding...
2026-03-31 19:27:39.473 | INFO     | file_process.models.rag_service:embed_and_store_document:387 - [RAG] 章节 '存储配置' 切分为 1 个 chunks，开始 embedding...
2026-03-31 19:27:39.943 | INFO     | file_process.models.rag_service:embed_and_store_document:387 - [RAG] 章节 '内存配置' 切分为 1 个 chunks，开始 embedding...
2026-03-31 19:27:40.458 | INFO     | file_process.models.rag_service:embed_and_store_document:387 - [RAG] 章节 '★基础数据类型' 切分为 1 个 chunks，开始 embedding...
2026-03-31 19:27:40.914 | INFO     | file_process.models.rag_service:embed_and_store_document:387 - [RAG] 章节 '扩展数据类型' 切分为 1 个 chunks，开始 embedding...
2026-03-31 19:27:41.310 | INFO     | file_process.models.rag_service:embed_and_store_document:387 - [RAG] 章节 '自定义数据类型' 切分为 1 个 chunks，开始 embedding...
2026-03-31 19:27:41.658 | INFO     | file_process.models.rag_service:embed_and_store_document:387 - [RAG] 章节 '★数据存储基础功能' 切分为 1 个 chunks，开始 embedding...
2026-03-31 19:27:42.060 | INFO     | file_process.models.rag_service:embed_and_store_document:387 - [RAG] 章节 '数据存储增强功能' 切分为 1 个 chunks，开始 embedding...
2026-03-31 19:27:42.451 | INFO     | file_process.models.rag_service:embed_and_store_document:387 - [RAG] 章节 '★数据检索基础功能' 切分为 1 个 chunks，开始 embedding...
2026-03-31 19:27:42.786 | INFO     | file_process.models.rag_service:embed_and_store_document:387 - [RAG] 章节 '数据检索增强功能' 切分为 1 个 chunks，开始 embedding...
2026-03-31 19:27:43.170 | INFO     | file_process.models.rag_service:embed_and_store_document:387 - [RAG] 章节 '★核心SQL能力' 切分为 1 个 chunks，开始 embedding...
2026-03-31 19:27:43.518 | INFO     | file_process.models.rag_service:embed_and_store_document:387 - [RAG] 章节 '★字符集' 切分为 1 个 chunks，开始 embedding...
2026-03-31 19:27:43.925 | INFO     | file_process.models.rag_service:embed_and_store_document:387 - [RAG] 章节 '★常用操作符' 切分为 1 个 chunks，开始 embedding...
2026-03-31 19:27:44.296 | INFO     | file_process.models.rag_service:embed_and_store_document:387 - [RAG] 章节 '★条件表达式' 切分为 1 个 chunks，开始 embedding...
2026-03-31 19:27:44.804 | INFO     | file_process.models.rag_service:embed_and_store_document:387 - [RAG] 章节 '★SQL 执行计划' 切分为 1 个 chunks，开始 embedding...
2026-03-31 19:27:45.169 | INFO     | file_process.models.rag_service:embed_and_store_document:387 - [RAG] 章节 '★基础对象类型' 切分为 1 个 chunks，开始 embedding...
2026-03-31 19:27:46.199 | INFO     | file_process.models.rag_service:embed_and_store_document:387 - [RAG] 章节 '扩展对象类型' 切分为 1 个 chunks，开始 embedding...
2026-03-31 19:27:46.718 | INFO     | file_process.models.rag_service:embed_and_store_document:387 - [RAG] 章节 '★基础表分区管理' 切分为 1 个 chunks，开始 embedding...
2026-03-31 19:27:47.626 | INFO     | file_process.models.rag_service:embed_and_store_document:387 - [RAG] 章节 '扩展表分区管理' 切分为 1 个 chunks，开始 embedding...
2026-03-31 19:27:48.027 | INFO     | file_process.models.rag_service:embed_and_store_document:387 - [RAG] 章节 '查看对象' 切分为 1 个 chunks，开始 embedding...
2026-03-31 19:27:48.481 | INFO     | file_process.models.rag_service:embed_and_store_document:387 - [RAG] 章节 '查看日志、系统信息' 切分为 1 个 chunks，开始 embedding...
2026-03-31 19:27:48.935 | INFO     | file_process.models.rag_service:embed_and_store_document:387 - [RAG] 章节 '★对象变更' 切分为 1 个 chunks，开始 embedding...
2026-03-31 19:27:49.315 | INFO     | file_process.models.rag_service:embed_and_store_document:387 - [RAG] 章节 '查看会话系统表/视图' 切分为 1 个 chunks，开始 embedding...
2026-03-31 19:27:50.029 | INFO     | file_process.models.rag_service:embed_and_store_document:387 - [RAG] 章节 '查看监控连接系统表/ 视图' 切分为 1 个 chunks，开始 embedding...
2026-03-31 19:27:50.535 | INFO     | file_process.models.rag_service:embed_and_store_document:387 - [RAG] 章节 '异构数据库联机访问' 切分为 1 个 chunks，开始 embedding...
2026-03-31 19:27:50.897 | INFO     | file_process.models.rag_service:embed_and_store_document:387 - [RAG] 章节 '完整性管理' 切分为 1 个 chunks，开始 embedding...
2026-03-31 19:27:51.379 | INFO     | file_process.models.rag_service:embed_and_store_document:387 - [RAG] 章节 '★事务基础特性' 切分为 1 个 chunks，开始 embedding...
2026-03-31 19:27:51.727 | INFO     | file_process.models.rag_service:embed_and_store_document:387 - [RAG] 章节 '★死锁检测与处理' 切分为 1 个 chunks，开始 embedding...
2026-03-31 19:27:52.212 | INFO     | file_process.models.rag_service:embed_and_store_document:387 - [RAG] 章节 '★运行时统计信息基础功能' 切分为 1 个 chunks，开始 embedding...
2026-03-31 19:27:52.737 | INFO     | file_process.models.rag_service:embed_and_store_document:387 - [RAG] 章节 '运行时统计信息增强功能' 切分为 1 个 chunks，开始 embedding...
2026-03-31 19:27:53.156 | INFO     | file_process.models.rag_service:embed_and_store_document:387 - [RAG] 章节 '★日志' 切分为 1 个 chunks，开始 embedding...
2026-03-31 19:27:53.622 | INFO     | file_process.models.rag_service:embed_and_store_document:387 - [RAG] 章节 '★远程运维' 切分为 1 个 chunks，开始 embedding...
2026-03-31 19:27:53.988 | INFO     | file_process.models.rag_service:embed_and_store_document:387 - [RAG] 章节 '★报警' 切分为 1 个 chunks，开始 embedding...
2026-03-31 19:27:54.467 | INFO     | file_process.models.rag_service:embed_and_store_document:387 - [RAG] 章节 'SQL 监测与优化建议' 切分为 1 个 chunks，开始 embedding...
2026-03-31 19:27:54.901 | INFO     | file_process.models.rag_service:embed_and_store_document:387 - [RAG] 章节 '应用迁移' 切分为 1 个 chunks，开始 embedding...
2026-03-31 19:27:55.408 | INFO     | file_process.models.rag_service:embed_and_store_document:387 - [RAG] 章节 '★数据迁移' 切分为 1 个 chunks，开始 embedding...
2026-03-31 19:27:56.011 | INFO     | file_process.models.rag_service:embed_and_store_document:387 - [RAG] 章节 '★数据比对基础功能' 切分为 1 个 chunks，开始 embedding...
2026-03-31 19:27:56.358 | INFO     | file_process.models.rag_service:embed_and_store_document:387 - [RAG] 章节 '数据比对增强功能' 切分为 1 个 chunks，开始 embedding...
2026-03-31 19:27:56.743 | INFO     | file_process.models.rag_service:embed_and_store_document:387 - [RAG] 章节 '★数据备份' 切分为 1 个 chunks，开始 embedding...
2026-03-31 19:27:57.118 | INFO     | file_process.models.rag_service:embed_and_store_document:387 - [RAG] 章节 '备份数据管理' 切分为 1 个 chunks，开始 embedding...
2026-03-31 19:27:57.474 | INFO     | file_process.models.rag_service:embed_and_store_document:387 - [RAG] 章节 '用户/模式备份、恢复' 切分为 1 个 chunks，开始 embedding...
2026-03-31 19:27:57.837 | INFO     | file_process.models.rag_service:embed_and_store_document:387 - [RAG] 章节 '★多种存储 媒体备份、还原' 切分为 1 个 chunks，开始 embedding...
2026-03-31 19:27:58.224 | INFO     | file_process.models.rag_service:embed_and_store_document:387 - [RAG] 章节 '★备份还原的一致性校验' 切分为 1 个 chunks，开始 embedding...
2026-03-31 19:27:58.590 | INFO     | file_process.models.rag_service:embed_and_store_document:387 - [RAG] 章节 '★集群构建与管理' 切分为 1 个 chunks，开始 embedding...
2026-03-31 19:27:58.985 | INFO     | file_process.models.rag_service:embed_and_store_document:387 - [RAG] 章节 '集群构建与管理扩展要求' 切分为 1 个 chunks，开始 embedding...
2026-03-31 19:27:59.353 | INFO     | file_process.models.rag_service:embed_and_store_document:387 - [RAG] 章节 '★数据分布' 切分为 1 个 chunks，开始 embedding...
2026-03-31 19:27:59.812 | INFO     | file_process.models.rag_service:embed_and_store_document:387 - [RAG] 章节 '★分布式计算' 切分为 1 个 chunks，开始 embedding...
2026-03-31 19:28:00.345 | INFO     | file_process.models.rag_service:embed_and_store_document:387 - [RAG] 章节 '★集群扩展' 切分为 1 个 chunks，开始 embedding...
2026-03-31 19:28:00.746 | INFO     | file_process.models.rag_service:embed_and_store_document:387 - [RAG] 章节 '★数据重分布' 切分为 1 个 chunks，开始 embedding...
2026-03-31 19:28:01.126 | INFO     | file_process.models.rag_service:embed_and_store_document:387 - [RAG] 章节 '★对应用透明' 切分为 1 个 chunks，开始 embedding...
2026-03-31 19:28:01.663 | INFO     | file_process.models.rag_service:embed_and_store_document:387 - [RAG] 章节 '★均分负载' 切分为 1 个 chunks，开始 embedding...
2026-03-31 19:28:02.056 | INFO     | file_process.models.rag_service:embed_and_store_document:387 - [RAG] 章节 '★数据库开发调试工具' 切分为 1 个 chunks，开始 embedding...
2026-03-31 19:28:02.554 | INFO     | file_process.models.rag_service:embed_and_store_document:387 - [RAG] 章节 '数据库预编译工具' 切分为 1 个 chunks，开始 embedding...
2026-03-31 19:28:02.937 | INFO     | file_process.models.rag_service:embed_and_store_document:387 - [RAG] 章节 '网络配置工具' 切分为 1 个 chunks，开始 embedding...
2026-03-31 19:28:03.295 | INFO     | file_process.models.rag_service:embed_and_store_document:387 - [RAG] 章节 '创建、修改、删除工具' 切分为 1 个 chunks，开始 embedding...
2026-03-31 19:28:03.743 | INFO     | file_process.models.rag_service:embed_and_store_document:387 - [RAG] 章节 '★用户、角色 管理工具' 切分为 1 个 chunks，开始 embedding...
2026-03-31 19:28:04.133 | INFO     | file_process.models.rag_service:embed_and_store_document:387 - [RAG] 章节 '★SQL 执行计划查看工具' 切分为 1 个 chunks，开始 embedding...
2026-03-31 19:28:04.508 | INFO     | file_process.models.rag_service:embed_and_store_document:387 - [RAG] 章节 '★数据库对象工具' 切分为 1 个 chunks，开始 embedding...
2026-03-31 19:28:05.045 | INFO     | file_process.models.rag_service:embed_and_store_document:387 - [RAG] 章节 '★导入导出工具' 切分为 1 个 chunks，开始 embedding...
2026-03-31 19:28:05.517 | INFO     | file_process.models.rag_service:embed_and_store_document:387 - [RAG] 章节 '触发器、存储过程/函数工具' 切分为 1 个 chunks，开始 embedding...
2026-03-31 19:28:05.924 | INFO     | file_process.models.rag_service:embed_and_store_document:387 - [RAG] 章节 '★数据库运维工具' 切分为 1 个 chunks，开始 embedding...
2026-03-31 19:28:06.400 | INFO     | file_process.models.rag_service:embed_and_store_document:387 - [RAG] 章节 '监控跟踪工具' 切分为 1 个 chunks，开始 embedding...
2026-03-31 19:28:07.981 | INFO     | file_process.models.rag_service:embed_and_store_document:387 - [RAG] 章节 '图形化远程启动、关闭数据库' 切分为 1 个 chunks，开始 embedding...
2026-03-31 19:28:08.358 | INFO     | file_process.models.rag_service:embed_and_store_document:387 - [RAG] 章节 '★图形化的开发工具' 切分为 1 个 chunks，开始 embedding...
2026-03-31 19:28:08.712 | INFO     | file_process.models.rag_service:embed_and_store_document:387 - [RAG] 章节 '★图形化运维工具' 切分为 1 个 chunks，开始 embedding...
2026-03-31 19:28:09.091 | INFO     | file_process.models.rag_service:embed_and_store_document:387 - [RAG] 章节 '图形化展示工具' 切分为 1 个 chunks，开始 embedding...
2026-03-31 19:28:09.439 | INFO     | file_process.models.rag_service:embed_and_store_document:387 - [RAG] 章节 '图形界面配置参数基础功能' 切分为 1 个 chunks，开始 embedding...
2026-03-31 19:28:09.990 | INFO     | file_process.models.rag_service:embed_and_store_document:387 - [RAG] 章节 '图形化管理数据库对象' 切分为 1 个 chunks，开始 embedding...
2026-03-31 19:28:10.488 | INFO     | file_process.models.rag_service:embed_and_store_document:387 - [RAG] 章节 '图形化监控' 切分为 1 个 chunks，开始 embedding...
2026-03-31 19:28:10.906 | INFO     | file_process.models.rag_service:embed_and_store_document:387 - [RAG] 章节 '图形化管理归档' 切分为 1 个 chunks，开始 embedding...
2026-03-31 19:28:11.290 | INFO     | file_process.models.rag_service:embed_and_store_document:387 - [RAG] 章节 '图形化管理数据的备份、还原/恢复' 切分为 1 个 chunks，开始 embedding...
2026-03-31 19:28:11.662 | INFO     | file_process.models.rag_service:embed_and_store_document:387 - [RAG] 章节 '图形化界面易用性' 切分为 1 个 chunks，开始 embedding...
2026-03-31 19:28:12.049 | INFO     | file_process.models.rag_service:embed_and_store_document:387 - [RAG] 章节 '★稳定运行' 切分为 1 个 chunks，开始 embedding...
2026-03-31 19:28:12.447 | INFO     | file_process.models.rag_service:embed_and_store_document:387 - [RAG] 章节 '★快速切换' 切分为 1 个 chunks，开始 embedding...
2026-03-31 19:28:12.816 | INFO     | file_process.models.rag_service:embed_and_store_document:387 - [RAG] 章节 '★恢复无断点' 切分为 1 个 chunks，开始 embedding...
2026-03-31 19:28:13.211 | INFO     | file_process.models.rag_service:embed_and_store_document:387 - [RAG] 章节 '★主备备份' 切分为 1 个 chunks，开始 embedding...
2026-03-31 19:28:13.690 | INFO     | file_process.models.rag_service:embed_and_store_document:387 - [RAG] 章节 '★实例容灾' 切分为 1 个 chunks，开始 embedding...
2026-03-31 19:28:14.158 | INFO     | file_process.models.rag_service:embed_and_store_document:387 - [RAG] 章节 '★容灾部署' 切分为 1 个 chunks，开始 embedding...
2026-03-31 19:28:14.507 | INFO     | file_process.models.rag_service:embed_and_store_document:387 - [RAG] 章节 '★同城容灾' 切分为 1 个 chunks，开始 embedding...
2026-03-31 19:28:14.999 | INFO     | file_process.models.rag_service:embed_and_store_document:387 - [RAG] 章节 '异地容灾' 切分为 1 个 chunks，开始 embedding...
2026-03-31 19:28:15.465 | INFO     | file_process.models.rag_service:embed_and_store_document:387 - [RAG] 章节 '★服务端编程稳定性' 切分为 1 个 chunks，开始 embedding...
2026-03-31 19:28:15.850 | INFO     | file_process.models.rag_service:embed_and_store_document:387 - [RAG] 章节 '★网络容错' 切分为 1 个 chunks，开始 embedding...
2026-03-31 19:28:16.229 | INFO     | file_process.models.rag_service:embed_and_store_document:387 - [RAG] 章节 '★检测报警' 切分为 1 个 chunks，开始 embedding...
2026-03-31 19:28:16.722 | INFO     | file_process.models.rag_service:embed_and_store_document:387 - [RAG] 章节 '★故障恢复' 切分为 1 个 chunks，开始 embedding...
2026-03-31 19:28:17.121 | INFO     | file_process.models.rag_service:embed_and_store_document:387 - [RAG] 章节 '★不同级别故障可恢复' 切分为 1 个 chunks，开始 embedding...
2026-03-31 19:28:17.499 | INFO     | file_process.models.rag_service:embed_and_store_document:387 - [RAG] 章节 '云化部署' 切分为 1 个 chunks，开始 embedding...
2026-03-31 19:28:17.857 | INFO     | file_process.models.rag_service:embed_and_store_document:387 - [RAG] 章节 '★硬件平台兼容' 切分为 1 个 chunks，开始 embedding...
2026-03-31 19:28:18.263 | INFO     | file_process.models.rag_service:embed_and_store_document:387 - [RAG] 章节 '★ODBC' 切分为 1 个 chunks，开始 embedding...
2026-03-31 19:28:18.619 | INFO     | file_process.models.rag_service:embed_and_store_document:387 - [RAG] 章节 '★JDBC' 切分为 1 个 chunks，开始 embedding...
2026-03-31 19:28:18.983 | INFO     | file_process.models.rag_service:embed_and_store_document:387 - [RAG] 章节 '★交付方式' 切分为 1 个 chunks，开始 embedding...
2026-03-31 19:28:19.392 | INFO     | file_process.models.rag_service:embed_and_store_document:387 - [RAG] 章节 '★产品维护周期' 切分为 1 个 chunks，开始 embedding...
2026-03-31 19:28:19.780 | INFO     | file_process.models.rag_service:embed_and_store_document:387 - [RAG] 章节 '★产品延伸服务周期' 切分为 1 个 chunks，开始 embedding...
2026-03-31 19:28:20.189 | INFO     | file_process.models.rag_service:embed_and_store_document:387 - [RAG] 章节 '★产品延伸安全服务周期' 切分为 1 个 chunks，开始 embedding...
2026-03-31 19:28:20.615 | INFO     | file_process.models.rag_service:embed_and_store_document:387 - [RAG] 章节 '★售后服务最小保障期' 切分为 1 个 chunks，开始 embedding...
2026-03-31 19:28:20.998 | INFO     | file_process.models.rag_service:embed_and_store_document:387 - [RAG] 章节 '★供应链与服务保障基础要求' 切分为 1 个 chunks，开始 embedding...
2026-03-31 19:28:21.590 | INFO     | file_process.models.rag_service:embed_and_store_document:387 - [RAG] 章节 '定制服务' 切分为 1 个 chunks，开始 embedding...
2026-03-31 19:28:21.988 | INFO     | file_process.models.rag_service:embed_and_store_document:387 - [RAG] 章节 '驻场服务' 切分为 1 个 chunks，开始 embedding...
2026-03-31 19:28:22.317 | INFO     | file_process.models.rag_service:embed_and_store_document:387 - [RAG] 章节 '在线反馈' 切分为 1 个 chunks，开始 embedding...
2026-03-31 19:28:22.633 | INFO     | file_process.models.rag_service:embed_and_store_document:387 - [RAG] 章节 '★基本要求' 切分为 1 个 chunks，开始 embedding...
2026-03-31 19:28:22.982 | INFO     | file_process.models.rag_service:embed_and_store_document:387 - [RAG] 章节 '安全架构' 切分为 1 个 chunks，开始 embedding...
2026-03-31 19:28:23.545 | INFO     | file_process.models.rag_service:embed_and_store_document:387 - [RAG] 章节 '★漏洞管理' 切分为 1 个 chunks，开始 embedding...
2026-03-31 19:28:23.923 | INFO     | file_process.models.rag_service:embed_and_store_document:387 - [RAG] 章节 '★身份鉴别及访问控制' 切分为 1 个 chunks，开始 embedding...
2026-03-31 19:28:24.309 | INFO     | file_process.models.rag_service:embed_and_store_document:387 - [RAG] 章节 '防篡改' 切分为 1 个 chunks，开始 embedding...
2026-03-31 19:28:24.882 | INFO     | file_process.models.rag_service:embed_and_store_document:387 - [RAG] 章节 '全密态' 切分为 1 个 chunks，开始 embedding...
2026-03-31 19:28:25.375 | INFO     | file_process.models.rag_service:embed_and_store_document:387 - [RAG] 章节 '安全扩展要求' 切分为 1 个 chunks，开始 embedding...
2026-03-31 19:28:25.735 | INFO     | file_process.models.rag_service:embed_and_store_document:387 - [RAG] 章节 '闪回查询' 切分为 1 个 chunks，开始 embedding...
2026-03-31 19:28:26.089 | INFO     | file_process.models.rag_service:embed_and_store_document:387 - [RAG] 章节 '闪回恢复' 切分为 1 个 chunks，开始 embedding...
2026-03-31 19:28:26.466 | INFO     | file_process.models.rag_service:embed_and_store_document:387 - [RAG] 章节 '支持的操作系统' 切分为 1 个 chunks，开始 embedding...
2026-03-31 19:28:26.815 | INFO     | file_process.models.rag_service:embed_and_store_document:387 - [RAG] 章节 '自定义任务编程' 切分为 16 个 chunks，开始 embedding...
2026-03-31 19:28:35.576 | INFO     | file_process.models.rag_service:embed_and_store_document:442 - [RAG] 文档处理完成: 山东黄金分布式点对点应答1212V1.docx, 148 章节, 130 chunks
2026-03-31 19:28:35.578 | INFO     | file_process.models.prodetail:process_document_task:981 - 文档 RAG 向量化完成: doc_id=168b311312f8b85c537d7fb617bee1bc, sections=148, chunks=130
[2026-03-31 19:28:35,605: INFO/MainProcess] Task file_process.models.prodetail.process_document_task[8dc79740-3d2a-407f-9886-bbddee66e3c7] succeeded in 199.83939866209403s: {'metadata': {'chapter_count': 149, 'image_count': 763}, 'process_time': '2026-03-31 19:26:12', 'status': 'success', 'embedding': {'status': 'success', 'embed_count': 130, 'sections': 148, 'rag_document_id': 259, 'errors': []}}
